Distrito electoral,Organización Política,Tipo Organización Política,Votos,% Votos,Año
AMAZONAS,GANA PERU,PARTIDO POLÍTICO,"58,275",41.00%,2011
AMAZONAS,FUERZA 2011,PARTIDO POLÍTICO,"45,738",32.18%,2011
AMAZONAS,PERÚ POSIBLE,ALIANZA ELECTORAL,"26,938",18.95%,2011
AMAZONAS,ALIANZA POR EL GRAN CAMBIO,ALIANZA ELECTORAL,"5,830",4.10%,2011
AMAZONAS,ALIANZA SOLIDARIDAD NACIONAL,ALIANZA ELECTORAL,"4,607",3.24%,2011
AMAZONAS,DESPERTAR NACIONAL,PARTIDO POLÍTICO,171,0.12%,2011
AMAZONAS,PARTIDO POLITICO ADELANTE,PARTIDO POLÍTICO,171,0.12%,2011
AMAZONAS,FUERZA NACIONAL,PARTIDO POLÍTICO,161,0.11%,2011
AMAZONAS,FONAVISTAS DEL PERU,PARTIDO POLÍTICO,93,0.07%,2011
AMAZONAS,"JUSTICIA, TECNOLOGIA, ECOLOGIA",PARTIDO POLÍTICO,80,0.06%,2011
AMAZONAS,PARTIDO DESCENTRALISTA FUERZA SOCIAL,PARTIDO POLÍTICO,70,0.05%,2011
ANCASH,GANA PERU,PARTIDO POLÍTICO,"160,841",30.92%,2011
ANCASH,PERÚ POSIBLE,ALIANZA ELECTORAL,"156,214",30.03%,2011
ANCASH,FUERZA 2011,PARTIDO POLÍTICO,"108,375",20.83%,2011
ANCASH,ALIANZA POR EL GRAN CAMBIO,ALIANZA ELECTORAL,"56,762",10.91%,2011
ANCASH,ALIANZA SOLIDARIDAD NACIONAL,ALIANZA ELECTORAL,"33,609",6.46%,2011
ANCASH,FONAVISTAS DEL PERU,PARTIDO POLÍTICO,"1,201",0.23%,2011
ANCASH,FUERZA NACIONAL,PARTIDO POLÍTICO,803,0.15%,2011
ANCASH,PARTIDO POLITICO ADELANTE,PARTIDO POLÍTICO,688,0.13%,2011
ANCASH,DESPERTAR NACIONAL,PARTIDO POLÍTICO,657,0.13%,2011
ANCASH,"JUSTICIA, TECNOLOGIA, ECOLOGIA",PARTIDO POLÍTICO,571,0.11%,2011
ANCASH,PARTIDO DESCENTRALISTA FUERZA SOCIAL,PARTIDO POLÍTICO,543,0.10%,2011
APURIMAC,GANA PERU,PARTIDO POLÍTICO,"76,198",51.51%,2011
APURIMAC,FUERZA 2011,PARTIDO POLÍTICO,"38,892",26.29%,2011
APURIMAC,PERÚ POSIBLE,ALIANZA ELECTORAL,"17,152",11.60%,2011
APURIMAC,ALIANZA POR EL GRAN CAMBIO,ALIANZA ELECTORAL,"10,054",6.80%,2011
APURIMAC,ALIANZA SOLIDARIDAD NACIONAL,ALIANZA ELECTORAL,"3,657",2.47%,2011
APURIMAC,FUERZA NACIONAL,PARTIDO POLÍTICO,388,0.26%,2011
APURIMAC,PARTIDO POLITICO ADELANTE,PARTIDO POLÍTICO,374,0.25%,2011
APURIMAC,"JUSTICIA, TECNOLOGIA, ECOLOGIA",PARTIDO POLÍTICO,366,0.25%,2011
APURIMAC,PARTIDO DESCENTRALISTA FUERZA SOCIAL,PARTIDO POLÍTICO,343,0.23%,2011
APURIMAC,DESPERTAR NACIONAL,PARTIDO POLÍTICO,314,0.21%,2011
APURIMAC,FONAVISTAS DEL PERU,PARTIDO POLÍTICO,183,0.12%,2011
AREQUIPA,GANA PERU,PARTIDO POLÍTICO,"348,717",47.87%,2011
AREQUIPA,ALIANZA POR EL GRAN CAMBIO,ALIANZA ELECTORAL,"188,867",25.93%,2011
AREQUIPA,FUERZA 2011,PARTIDO POLÍTICO,"83,179",11.42%,2011
AREQUIPA,PERÚ POSIBLE,ALIANZA ELECTORAL,"63,548",8.72%,2011
AREQUIPA,ALIANZA SOLIDARIDAD NACIONAL,ALIANZA ELECTORAL,"38,791",5.33%,2011
AREQUIPA,DESPERTAR NACIONAL,PARTIDO POLÍTICO,"1,385",0.19%,2011
AREQUIPA,FONAVISTAS DEL PERU,PARTIDO POLÍTICO,"1,140",0.16%,2011
AREQUIPA,PARTIDO POLITICO ADELANTE,PARTIDO POLÍTICO,966,0.13%,2011
AREQUIPA,FUERZA NACIONAL,PARTIDO POLÍTICO,921,0.13%,2011
AREQUIPA,PARTIDO DESCENTRALISTA FUERZA SOCIAL,PARTIDO POLÍTICO,490,0.07%,2011
AREQUIPA,"JUSTICIA, TECNOLOGIA, ECOLOGIA",PARTIDO POLÍTICO,473,0.07%,2011
AYACUCHO,GANA PERU,PARTIDO POLÍTICO,"137,663",58.04%,2011
AYACUCHO,FUERZA 2011,PARTIDO POLÍTICO,"57,462",24.23%,2011
AYACUCHO,PERÚ POSIBLE,ALIANZA ELECTORAL,"20,774",8.76%,2011
AYACUCHO,ALIANZA POR EL GRAN CAMBIO,ALIANZA ELECTORAL,"12,820",5.41%,2011
AYACUCHO,ALIANZA SOLIDARIDAD NACIONAL,ALIANZA ELECTORAL,"6,017",2.54%,2011
AYACUCHO,PARTIDO POLITICO ADELANTE,PARTIDO POLÍTICO,471,0.20%,2011
AYACUCHO,DESPERTAR NACIONAL,PARTIDO POLÍTICO,422,0.18%,2011
AYACUCHO,FUERZA NACIONAL,PARTIDO POLÍTICO,411,0.17%,2011
AYACUCHO,FONAVISTAS DEL PERU,PARTIDO POLÍTICO,396,0.17%,2011
AYACUCHO,PARTIDO DESCENTRALISTA FUERZA SOCIAL,PARTIDO POLÍTICO,376,0.16%,2011
AYACUCHO,"JUSTICIA, TECNOLOGIA, ECOLOGIA",PARTIDO POLÍTICO,365,0.15%,2011
CAJAMARCA,FUERZA 2011,PARTIDO POLÍTICO,"195,586",34.05%,2011
CAJAMARCA,GANA PERU,PARTIDO POLÍTICO,"181,247",31.56%,2011
CAJAMARCA,PERÚ POSIBLE,ALIANZA ELECTORAL,"127,781",22.25%,2011
CAJAMARCA,ALIANZA POR EL GRAN CAMBIO,ALIANZA ELECTORAL,"38,577",6.72%,2011
CAJAMARCA,ALIANZA SOLIDARIDAD NACIONAL,ALIANZA ELECTORAL,"26,405",4.60%,2011
CAJAMARCA,DESPERTAR NACIONAL,PARTIDO POLÍTICO,"1,125",0.20%,2011
CAJAMARCA,FUERZA NACIONAL,PARTIDO POLÍTICO,"1,011",0.18%,2011
CAJAMARCA,PARTIDO POLITICO ADELANTE,PARTIDO POLÍTICO,845,0.15%,2011
CAJAMARCA,"JUSTICIA, TECNOLOGIA, ECOLOGIA",PARTIDO POLÍTICO,660,0.12%,2011
CAJAMARCA,PARTIDO DESCENTRALISTA FUERZA SOCIAL,PARTIDO POLÍTICO,641,0.11%,2011
CAJAMARCA,FONAVISTAS DEL PERU,PARTIDO POLÍTICO,484,0.08%,2011
CUSCO,GANA PERU,PARTIDO POLÍTICO,"346,424",62.60%,2011
CUSCO,ALIANZA POR EL GRAN CAMBIO,ALIANZA ELECTORAL,"67,027",12.11%,2011
CUSCO,FUERZA 2011,PARTIDO POLÍTICO,"60,097",10.86%,2011
CUSCO,PERÚ POSIBLE,ALIANZA ELECTORAL,"44,407",8.03%,2011
CUSCO,ALIANZA SOLIDARIDAD NACIONAL,ALIANZA ELECTORAL,"29,673",5.36%,2011
CUSCO,FONAVISTAS DEL PERU,PARTIDO POLÍTICO,"1,313",0.24%,2011
CUSCO,DESPERTAR NACIONAL,PARTIDO POLÍTICO,"1,291",0.23%,2011
CUSCO,PARTIDO POLITICO ADELANTE,PARTIDO POLÍTICO,"1,108",0.20%,2011
CUSCO,PARTIDO DESCENTRALISTA FUERZA SOCIAL,PARTIDO POLÍTICO,807,0.15%,2011
CUSCO,FUERZA NACIONAL,PARTIDO POLÍTICO,695,0.13%,2011
CUSCO,"JUSTICIA, TECNOLOGIA, ECOLOGIA",PARTIDO POLÍTICO,524,0.10%,2011
HUANCAVELICA,GANA PERU,PARTIDO POLÍTICO,"84,191",55.46%,2011
HUANCAVELICA,FUERZA 2011,PARTIDO POLÍTICO,"28,305",18.65%,2011
HUANCAVELICA,PERÚ POSIBLE,ALIANZA ELECTORAL,"26,553",17.49%,2011
HUANCAVELICA,ALIANZA POR EL GRAN CAMBIO,ALIANZA ELECTORAL,"6,854",4.52%,2011
HUANCAVELICA,ALIANZA SOLIDARIDAD NACIONAL,ALIANZA ELECTORAL,"3,471",2.29%,2011
HUANCAVELICA,FONAVISTAS DEL PERU,PARTIDO POLÍTICO,702,0.46%,2011
HUANCAVELICA,PARTIDO POLITICO ADELANTE,PARTIDO POLÍTICO,435,0.29%,2011
HUANCAVELICA,"JUSTICIA, TECNOLOGIA, ECOLOGIA",PARTIDO POLÍTICO,368,0.24%,2011
HUANCAVELICA,FUERZA NACIONAL,PARTIDO POLÍTICO,337,0.22%,2011
HUANCAVELICA,DESPERTAR NACIONAL,PARTIDO POLÍTICO,314,0.21%,2011
HUANCAVELICA,PARTIDO DESCENTRALISTA FUERZA SOCIAL,PARTIDO POLÍTICO,274,0.18%,2011
HUANUCO,GANA PERU,PARTIDO POLÍTICO,"123,278",44.09%,2011
HUANUCO,FUERZA 2011,PARTIDO POLÍTICO,"59,652",21.33%,2011
HUANUCO,PERÚ POSIBLE,ALIANZA ELECTORAL,"57,072",20.41%,2011
HUANUCO,ALIANZA POR EL GRAN CAMBIO,ALIANZA ELECTORAL,"25,199",9.01%,2011
HUANUCO,ALIANZA SOLIDARIDAD NACIONAL,ALIANZA ELECTORAL,"11,897",4.26%,2011
HUANUCO,FONAVISTAS DEL PERU,PARTIDO POLÍTICO,484,0.17%,2011
HUANUCO,PARTIDO POLITICO ADELANTE,PARTIDO POLÍTICO,467,0.17%,2011
HUANUCO,FUERZA NACIONAL,PARTIDO POLÍTICO,437,0.16%,2011
HUANUCO,DESPERTAR NACIONAL,PARTIDO POLÍTICO,429,0.15%,2011
HUANUCO,PARTIDO DESCENTRALISTA FUERZA SOCIAL,PARTIDO POLÍTICO,347,0.12%,2011
HUANUCO,"JUSTICIA, TECNOLOGIA, ECOLOGIA",PARTIDO POLÍTICO,343,0.12%,2011
ICA,GANA PERU,PARTIDO POLÍTICO,"130,689",30.99%,2011
ICA,FUERZA 2011,PARTIDO POLÍTICO,"116,872",27.71%,2011
ICA,ALIANZA POR EL GRAN CAMBIO,ALIANZA ELECTORAL,"66,107",15.68%,2011
ICA,PERÚ POSIBLE,ALIANZA ELECTORAL,"58,795",13.94%,2011
ICA,ALIANZA SOLIDARIDAD NACIONAL,ALIANZA ELECTORAL,"47,556",11.28%,2011
ICA,FONAVISTAS DEL PERU,PARTIDO POLÍTICO,603,0.14%,2011
ICA,DESPERTAR NACIONAL,PARTIDO POLÍTICO,322,0.08%,2011
ICA,FUERZA NACIONAL,PARTIDO POLÍTICO,279,0.07%,2011
ICA,PARTIDO POLITICO ADELANTE,PARTIDO POLÍTICO,228,0.05%,2011
ICA,"JUSTICIA, TECNOLOGIA, ECOLOGIA",PARTIDO POLÍTICO,168,0.04%,2011
ICA,PARTIDO DESCENTRALISTA FUERZA SOCIAL,PARTIDO POLÍTICO,104,0.03%,2011
JUNIN,GANA PERU,PARTIDO POLÍTICO,"213,959",38.28%,2011
JUNIN,FUERZA 2011,PARTIDO POLÍTICO,"149,561",26.76%,2011
JUNIN,ALIANZA POR EL GRAN CAMBIO,ALIANZA ELECTORAL,"90,010",16.10%,2011
JUNIN,PERÚ POSIBLE,ALIANZA ELECTORAL,"69,449",12.42%,2011
JUNIN,ALIANZA SOLIDARIDAD NACIONAL,ALIANZA ELECTORAL,"31,847",5.70%,2011
JUNIN,FONAVISTAS DEL PERU,PARTIDO POLÍTICO,"1,452",0.26%,2011
JUNIN,DESPERTAR NACIONAL,PARTIDO POLÍTICO,839,0.15%,2011
JUNIN,PARTIDO POLITICO ADELANTE,PARTIDO POLÍTICO,661,0.12%,2011
JUNIN,FUERZA NACIONAL,PARTIDO POLÍTICO,473,0.09%,2011
JUNIN,"JUSTICIA, TECNOLOGIA, ECOLOGIA",PARTIDO POLÍTICO,387,0.07%,2011
JUNIN,PARTIDO DESCENTRALISTA FUERZA SOCIAL,PARTIDO POLÍTICO,343,0.06%,2011
LA LIBERTAD,FUERZA 2011,PARTIDO POLÍTICO,"233,152",28.54%,2011
LA LIBERTAD,GANA PERU,PARTIDO POLÍTICO,"201,029",24.60%,2011
LA LIBERTAD,PERÚ POSIBLE,ALIANZA ELECTORAL,"149,451",18.29%,2011
LA LIBERTAD,ALIANZA POR EL GRAN CAMBIO,ALIANZA ELECTORAL,"117,648",14.40%,2011
LA LIBERTAD,ALIANZA SOLIDARIDAD NACIONAL,ALIANZA ELECTORAL,"108,012",13.22%,2011
LA LIBERTAD,FONAVISTAS DEL PERU,PARTIDO POLÍTICO,"3,300",0.40%,2011
LA LIBERTAD,DESPERTAR NACIONAL,PARTIDO POLÍTICO,"1,345",0.17%,2011
LA LIBERTAD,FUERZA NACIONAL,PARTIDO POLÍTICO,"1,062",0.13%,2011
LA LIBERTAD,PARTIDO POLITICO ADELANTE,PARTIDO POLÍTICO,969,0.12%,2011
LA LIBERTAD,"JUSTICIA, TECNOLOGIA, ECOLOGIA",PARTIDO POLÍTICO,611,0.08%,2011
LA LIBERTAD,PARTIDO DESCENTRALISTA FUERZA SOCIAL,PARTIDO POLÍTICO,487,0.06%,2011
LAMBAYEQUE,FUERZA 2011,PARTIDO POLÍTICO,"165,048",27.85%,2011
LAMBAYEQUE,GANA PERU,PARTIDO POLÍTICO,"160,078",27.02%,2011
LAMBAYEQUE,ALIANZA SOLIDARIDAD NACIONAL,ALIANZA ELECTORAL,"141,073",23.81%,2011
LAMBAYEQUE,PERÚ POSIBLE,ALIANZA ELECTORAL,"70,462",11.89%,2011
LAMBAYEQUE,ALIANZA POR EL GRAN CAMBIO,ALIANZA ELECTORAL,"53,306",9.00%,2011
LAMBAYEQUE,FONAVISTAS DEL PERU,PARTIDO POLÍTICO,778,0.13%,2011
LAMBAYEQUE,DESPERTAR NACIONAL,PARTIDO POLÍTICO,629,0.11%,2011
LAMBAYEQUE,PARTIDO POLITICO ADELANTE,PARTIDO POLÍTICO,422,0.07%,2011
LAMBAYEQUE,FUERZA NACIONAL,PARTIDO POLÍTICO,346,0.06%,2011
LAMBAYEQUE,"JUSTICIA, TECNOLOGIA, ECOLOGIA",PARTIDO POLÍTICO,230,0.04%,2011
LAMBAYEQUE,PARTIDO DESCENTRALISTA FUERZA SOCIAL,PARTIDO POLÍTICO,182,0.03%,2011
LIMA,ALIANZA POR EL GRAN CAMBIO,ALIANZA ELECTORAL,"1,434,435",26.89%,2011
LIMA,FUERZA 2011,PARTIDO POLÍTICO,"1,213,857",22.75%,2011
LIMA,GANA PERU,PARTIDO POLÍTICO,"1,134,353",21.26%,2011
LIMA,PERÚ POSIBLE,ALIANZA ELECTORAL,"825,096",15.47%,2011
LIMA,ALIANZA SOLIDARIDAD NACIONAL,ALIANZA ELECTORAL,"693,106",12.99%,2011
LIMA,FONAVISTAS DEL PERU,PARTIDO POLÍTICO,"14,691",0.28%,2011
LIMA,FUERZA NACIONAL,PARTIDO POLÍTICO,"5,045",0.10%,2011
LIMA,PARTIDO POLITICO ADELANTE,PARTIDO POLÍTICO,"4,833",0.09%,2011
LIMA,DESPERTAR NACIONAL,PARTIDO POLÍTICO,"4,776",0.09%,2011
LIMA,"JUSTICIA, TECNOLOGIA, ECOLOGIA",PARTIDO POLÍTICO,"2,792",0.05%,2011
LIMA,PARTIDO DESCENTRALISTA FUERZA SOCIAL,PARTIDO POLÍTICO,"1,882",0.04%,2011
LORETO,PERÚ POSIBLE,ALIANZA ELECTORAL,"114,841",33.70%,2011
LORETO,GANA PERU,PARTIDO POLÍTICO,"99,744",29.27%,2011
LORETO,FUERZA 2011,PARTIDO POLÍTICO,"71,506",20.98%,2011
LORETO,ALIANZA POR EL GRAN CAMBIO,ALIANZA ELECTORAL,"36,473",10.70%,2011
LORETO,ALIANZA SOLIDARIDAD NACIONAL,ALIANZA ELECTORAL,"14,996",4.40%,2011
LORETO,FONAVISTAS DEL PERU,PARTIDO POLÍTICO,"1,243",0.37%,2011
LORETO,DESPERTAR NACIONAL,PARTIDO POLÍTICO,467,0.14%,2011
LORETO,FUERZA NACIONAL,PARTIDO POLÍTICO,449,0.13%,2011
LORETO,PARTIDO POLITICO ADELANTE,PARTIDO POLÍTICO,439,0.13%,2011
LORETO,"JUSTICIA, TECNOLOGIA, ECOLOGIA",PARTIDO POLÍTICO,339,0.10%,2011
LORETO,PARTIDO DESCENTRALISTA FUERZA SOCIAL,PARTIDO POLÍTICO,281,0.08%,2011
MADRE DE DIOS,GANA PERU,PARTIDO POLÍTICO,"26,132",51.26%,2011
MADRE DE DIOS,PERÚ POSIBLE,ALIANZA ELECTORAL,"9,614",18.86%,2011
MADRE DE DIOS,FUERZA 2011,PARTIDO POLÍTICO,"7,970",15.63%,2011
MADRE DE DIOS,ALIANZA POR EL GRAN CAMBIO,ALIANZA ELECTORAL,"4,859",9.53%,2011
MADRE DE DIOS,ALIANZA SOLIDARIDAD NACIONAL,ALIANZA ELECTORAL,"2,156",4.23%,2011
MADRE DE DIOS,DESPERTAR NACIONAL,PARTIDO POLÍTICO,72,0.14%,2011
MADRE DE DIOS,FONAVISTAS DEL PERU,PARTIDO POLÍTICO,54,0.11%,2011
MADRE DE DIOS,FUERZA NACIONAL,PARTIDO POLÍTICO,49,0.10%,2011
MADRE DE DIOS,PARTIDO POLITICO ADELANTE,PARTIDO POLÍTICO,41,0.08%,2011
MADRE DE DIOS,PARTIDO DESCENTRALISTA FUERZA SOCIAL,PARTIDO POLÍTICO,19,0.04%,2011
MADRE DE DIOS,"JUSTICIA, TECNOLOGIA, ECOLOGIA",PARTIDO POLÍTICO,15,0.03%,2011
MOQUEGUA,GANA PERU,PARTIDO POLÍTICO,"46,437",47.80%,2011
MOQUEGUA,ALIANZA POR EL GRAN CAMBIO,ALIANZA ELECTORAL,"19,830",20.41%,2011
MOQUEGUA,PERÚ POSIBLE,ALIANZA ELECTORAL,"12,653",13.02%,2011
MOQUEGUA,FUERZA 2011,PARTIDO POLÍTICO,"11,871",12.22%,2011
MOQUEGUA,ALIANZA SOLIDARIDAD NACIONAL,ALIANZA ELECTORAL,"5,783",5.95%,2011
MOQUEGUA,FONAVISTAS DEL PERU,PARTIDO POLÍTICO,145,0.15%,2011
MOQUEGUA,PARTIDO POLITICO ADELANTE,PARTIDO POLÍTICO,114,0.12%,2011
MOQUEGUA,DESPERTAR NACIONAL,PARTIDO POLÍTICO,113,0.12%,2011
MOQUEGUA,FUERZA NACIONAL,PARTIDO POLÍTICO,111,0.11%,2011
MOQUEGUA,PARTIDO DESCENTRALISTA FUERZA SOCIAL,PARTIDO POLÍTICO,55,0.06%,2011
MOQUEGUA,"JUSTICIA, TECNOLOGIA, ECOLOGIA",PARTIDO POLÍTICO,38,0.04%,2011
PASCO,FUERZA 2011,PARTIDO POLÍTICO,"35,148",30.84%,2011
PASCO,GANA PERU,PARTIDO POLÍTICO,"34,693",30.44%,2011
PASCO,PERÚ POSIBLE,ALIANZA ELECTORAL,"22,075",19.37%,2011
PASCO,ALIANZA POR EL GRAN CAMBIO,ALIANZA ELECTORAL,"14,361",12.60%,2011
PASCO,ALIANZA SOLIDARIDAD NACIONAL,ALIANZA ELECTORAL,"6,804",5.97%,2011
PASCO,FONAVISTAS DEL PERU,PARTIDO POLÍTICO,339,0.30%,2011
PASCO,DESPERTAR NACIONAL,PARTIDO POLÍTICO,180,0.16%,2011
PASCO,PARTIDO POLITICO ADELANTE,PARTIDO POLÍTICO,138,0.12%,2011
PASCO,"JUSTICIA, TECNOLOGIA, ECOLOGIA",PARTIDO POLÍTICO,75,0.07%,2011
PASCO,FUERZA NACIONAL,PARTIDO POLÍTICO,73,0.06%,2011
PASCO,PARTIDO DESCENTRALISTA FUERZA SOCIAL,PARTIDO POLÍTICO,71,0.06%,2011
PIURA,FUERZA 2011,PARTIDO POLÍTICO,"256,116",32.03%,2011
PIURA,GANA PERU,PARTIDO POLÍTICO,"249,210",31.17%,2011
PIURA,PERÚ POSIBLE,ALIANZA ELECTORAL,"127,909",16.00%,2011
PIURA,ALIANZA POR EL GRAN CAMBIO,ALIANZA ELECTORAL,"91,880",11.49%,2011
PIURA,ALIANZA SOLIDARIDAD NACIONAL,ALIANZA ELECTORAL,"69,481",8.69%,2011
PIURA,FONAVISTAS DEL PERU,PARTIDO POLÍTICO,"1,499",0.19%,2011
PIURA,DESPERTAR NACIONAL,PARTIDO POLÍTICO,"1,155",0.14%,2011
PIURA,PARTIDO POLITICO ADELANTE,PARTIDO POLÍTICO,724,0.09%,2011
PIURA,FUERZA NACIONAL,PARTIDO POLÍTICO,679,0.09%,2011
PIURA,"JUSTICIA, TECNOLOGIA, ECOLOGIA",PARTIDO POLÍTICO,551,0.07%,2011
PIURA,PARTIDO DESCENTRALISTA FUERZA SOCIAL,PARTIDO POLÍTICO,386,0.05%,2011
PUNO,GANA PERU,PARTIDO POLÍTICO,"364,235",62.71%,2011
PUNO,FUERZA 2011,PARTIDO POLÍTICO,"90,749",15.62%,2011
PUNO,ALIANZA POR EL GRAN CAMBIO,ALIANZA ELECTORAL,"51,566",8.88%,2011
PUNO,PERÚ POSIBLE,ALIANZA ELECTORAL,"42,442",7.31%,2011
PUNO,ALIANZA SOLIDARIDAD NACIONAL,ALIANZA ELECTORAL,"23,775",4.09%,2011
PUNO,DESPERTAR NACIONAL,PARTIDO POLÍTICO,"2,258",0.39%,2011
PUNO,FONAVISTAS DEL PERU,PARTIDO POLÍTICO,"2,016",0.35%,2011
PUNO,PARTIDO POLITICO ADELANTE,PARTIDO POLÍTICO,"1,179",0.20%,2011
PUNO,FUERZA NACIONAL,PARTIDO POLÍTICO,"1,026",0.18%,2011
PUNO,"JUSTICIA, TECNOLOGIA, ECOLOGIA",PARTIDO POLÍTICO,849,0.15%,2011
PUNO,PARTIDO DESCENTRALISTA FUERZA SOCIAL,PARTIDO POLÍTICO,756,0.13%,2011
SAN MARTIN,GANA PERU,PARTIDO POLÍTICO,"111,844",36.09%,2011
SAN MARTIN,FUERZA 2011,PARTIDO POLÍTICO,"106,821",34.46%,2011
SAN MARTIN,PERÚ POSIBLE,ALIANZA ELECTORAL,"49,531",15.98%,2011
SAN MARTIN,ALIANZA POR EL GRAN CAMBIO,ALIANZA ELECTORAL,"23,747",7.66%,2011
SAN MARTIN,ALIANZA SOLIDARIDAD NACIONAL,ALIANZA ELECTORAL,"15,679",5.06%,2011
SAN MARTIN,DESPERTAR NACIONAL,PARTIDO POLÍTICO,818,0.26%,2011
SAN MARTIN,FONAVISTAS DEL PERU,PARTIDO POLÍTICO,423,0.14%,2011
SAN MARTIN,PARTIDO POLITICO ADELANTE,PARTIDO POLÍTICO,398,0.13%,2011
SAN MARTIN,FUERZA NACIONAL,PARTIDO POLÍTICO,303,0.10%,2011
SAN MARTIN,"JUSTICIA, TECNOLOGIA, ECOLOGIA",PARTIDO POLÍTICO,239,0.08%,2011
SAN MARTIN,PARTIDO DESCENTRALISTA FUERZA SOCIAL,PARTIDO POLÍTICO,146,0.05%,2011
TACNA,GANA PERU,PARTIDO POLÍTICO,"102,307",57.20%,2011
TACNA,ALIANZA POR EL GRAN CAMBIO,ALIANZA ELECTORAL,"32,600",18.23%,2011
TACNA,FUERZA 2011,PARTIDO POLÍTICO,"18,248",10.20%,2011
TACNA,PERÚ POSIBLE,ALIANZA ELECTORAL,"13,044",7.29%,2011
TACNA,ALIANZA SOLIDARIDAD NACIONAL,ALIANZA ELECTORAL,"11,688",6.54%,2011
TACNA,FUERZA NACIONAL,PARTIDO POLÍTICO,239,0.13%,2011
TACNA,DESPERTAR NACIONAL,PARTIDO POLÍTICO,201,0.11%,2011
TACNA,FONAVISTAS DEL PERU,PARTIDO POLÍTICO,175,0.10%,2011
TACNA,PARTIDO POLITICO ADELANTE,PARTIDO POLÍTICO,160,0.09%,2011
TACNA,"JUSTICIA, TECNOLOGIA, ECOLOGIA",PARTIDO POLÍTICO,102,0.06%,2011
TACNA,PARTIDO DESCENTRALISTA FUERZA SOCIAL,PARTIDO POLÍTICO,92,0.05%,2011
TUMBES,FUERZA 2011,PARTIDO POLÍTICO,"37,623",35.52%,2011
TUMBES,GANA PERU,PARTIDO POLÍTICO,"29,500",27.85%,2011
TUMBES,PERÚ POSIBLE,ALIANZA ELECTORAL,"22,961",21.68%,2011
TUMBES,ALIANZA POR EL GRAN CAMBIO,ALIANZA ELECTORAL,"9,456",8.93%,2011
TUMBES,ALIANZA SOLIDARIDAD NACIONAL,ALIANZA ELECTORAL,"5,924",5.59%,2011
TUMBES,FONAVISTAS DEL PERU,PARTIDO POLÍTICO,158,0.15%,2011
TUMBES,DESPERTAR NACIONAL,PARTIDO POLÍTICO,143,0.14%,2011
TUMBES,FUERZA NACIONAL,PARTIDO POLÍTICO,51,0.05%,2011
TUMBES,"JUSTICIA, TECNOLOGIA, ECOLOGIA",PARTIDO POLÍTICO,42,0.04%,2011
TUMBES,PARTIDO POLITICO ADELANTE,PARTIDO POLÍTICO,36,0.03%,2011
TUMBES,PARTIDO DESCENTRALISTA FUERZA SOCIAL,PARTIDO POLÍTICO,19,0.02%,2011
CALLAO,ALIANZA POR EL GRAN CAMBIO,ALIANZA ELECTORAL,"148,890",28.61%,2011
CALLAO,FUERZA 2011,PARTIDO POLÍTICO,"113,670",21.84%,2011
CALLAO,GANA PERU,PARTIDO POLÍTICO,"112,051",21.53%,2011
CALLAO,PERÚ POSIBLE,ALIANZA ELECTORAL,"86,030",16.53%,2011
CALLAO,ALIANZA SOLIDARIDAD NACIONAL,ALIANZA ELECTORAL,"54,735",10.52%,2011
CALLAO,FONAVISTAS DEL PERU,PARTIDO POLÍTICO,"2,872",0.55%,2011
CALLAO,FUERZA NACIONAL,PARTIDO POLÍTICO,704,0.14%,2011
CALLAO,DESPERTAR NACIONAL,PARTIDO POLÍTICO,476,0.09%,2011
CALLAO,PARTIDO POLITICO ADELANTE,PARTIDO POLÍTICO,427,0.08%,2011
CALLAO,"JUSTICIA, TECNOLOGIA, ECOLOGIA",PARTIDO POLÍTICO,387,0.07%,2011
CALLAO,PARTIDO DESCENTRALISTA FUERZA SOCIAL,PARTIDO POLÍTICO,219,0.04%,2011
UCAYALI,GANA PERU,PARTIDO POLÍTICO,"70,194",39.15%,2011
UCAYALI,FUERZA 2011,PARTIDO POLÍTICO,"55,610",31.02%,2011
UCAYALI,PERÚ POSIBLE,ALIANZA ELECTORAL,"28,135",15.69%,2011
UCAYALI,ALIANZA POR EL GRAN CAMBIO,ALIANZA ELECTORAL,"16,047",8.95%,2011
UCAYALI,ALIANZA SOLIDARIDAD NACIONAL,ALIANZA ELECTORAL,"7,848",4.38%,2011
UCAYALI,FONAVISTAS DEL PERU,PARTIDO POLÍTICO,607,0.34%,2011
UCAYALI,PARTIDO POLITICO ADELANTE,PARTIDO POLÍTICO,241,0.13%,2011
UCAYALI,DESPERTAR NACIONAL,PARTIDO POLÍTICO,190,0.11%,2011
UCAYALI,FUERZA NACIONAL,PARTIDO POLÍTICO,171,0.10%,2011
UCAYALI,"JUSTICIA, TECNOLOGIA, ECOLOGIA",PARTIDO POLÍTICO,145,0.08%,2011
UCAYALI,PARTIDO DESCENTRALISTA FUERZA SOCIAL,PARTIDO POLÍTICO,99,0.06%,2011
EXTRANJERO,FUERZA 2011,PARTIDO POLÍTICO,"88,487",28.63%,2011
EXTRANJERO,ALIANZA POR EL GRAN CAMBIO,ALIANZA ELECTORAL,"88,245",28.55%,2011
EXTRANJERO,PERÚ POSIBLE,ALIANZA ELECTORAL,"46,634",15.09%,2011
EXTRANJERO,ALIANZA SOLIDARIDAD NACIONAL,ALIANZA ELECTORAL,"41,553",13.44%,2011
EXTRANJERO,GANA PERU,PARTIDO POLÍTICO,"39,775",12.87%,2011
EXTRANJERO,DESPERTAR NACIONAL,PARTIDO POLÍTICO,"1,482",0.48%,2011
EXTRANJERO,PARTIDO POLITICO ADELANTE,PARTIDO POLÍTICO,766,0.25%,2011
EXTRANJERO,FONAVISTAS DEL PERU,PARTIDO POLÍTICO,660,0.21%,2011
EXTRANJERO,FUERZA NACIONAL,PARTIDO POLÍTICO,607,0.20%,2011
EXTRANJERO,"JUSTICIA, TECNOLOGIA, ECOLOGIA",PARTIDO POLÍTICO,555,0.18%,2011
EXTRANJERO,PARTIDO DESCENTRALISTA FUERZA SOCIAL,PARTIDO POLÍTICO,326,0.11%,2011
AMAZONAS,ACCION POPULAR,PARTIDO POLÍTICO,"12,703",9.61%,2021
AMAZONAS,ALIANZA PARA EL PROGRESO,PARTIDO POLÍTICO,"11,531",8.72%,2021
AMAZONAS,AVANZA PAIS - PARTIDO DE INTEGRACION SOCIAL,PARTIDO POLÍTICO,"4,433",3.35%,2021
AMAZONAS,DEMOCRACIA DIRECTA,PARTIDO POLÍTICO,234,0.18%,2021
AMAZONAS,EL FRENTE AMPLIO POR JUSTICIA. VIDA Y LIBERTAD,PARTIDO POLÍTICO,"1,285",0.97%,2021
AMAZONAS,FUERZA POPULAR,PARTIDO POLÍTICO,"17,815",13.48%,2021
AMAZONAS,JUNTOS POR EL PERU,PARTIDO POLÍTICO,"8,894",6.73%,2021
AMAZONAS,PARTIDO DEMOCRATICO SOMOS PERU,PARTIDO POLÍTICO,"1,926",1.46%,2021
AMAZONAS,PARTIDO MORADO,PARTIDO POLÍTICO,"1,858",1.41%,2021
AMAZONAS,PARTIDO NACIONALISTA PERUANO,PARTIDO POLÍTICO,"15,642",11.83%,2021
AMAZONAS,PARTIDO POLITICO NACIONAL PERU LIBRE,PARTIDO POLÍTICO,"34,464",26.07%,2021
AMAZONAS,PARTIDO POPULAR CRISTIANO - PPC,PARTIDO POLÍTICO,492,0.37%,2021
AMAZONAS,PERU PATRIA SEGURA,PARTIDO POLÍTICO,279,0.21%,2021
AMAZONAS,PODEMOS PERU,PARTIDO POLÍTICO,"4,937",3.73%,2021
AMAZONAS,RENACIMIENTO UNIDO NACIONAL,PARTIDO POLÍTICO,774,0.59%,2021
AMAZONAS,RENOVACION POPULAR,PARTIDO POLÍTICO,"8,274",6.26%,2021
AMAZONAS,RESTAURACION NACIONAL,PARTIDO POLÍTICO,"4,374",3.31%,2021
AMAZONAS,UNION POR EL PERU,PARTIDO POLÍTICO,"2,284",1.73%,2021
ANCASH,ACCION POPULAR,PARTIDO POLÍTICO,"38,911",8.25%,2021
ANCASH,ALIANZA PARA EL PROGRESO,PARTIDO POLÍTICO,"44,047",9.34%,2021
ANCASH,AVANZA PAIS - PARTIDO DE INTEGRACION SOCIAL,PARTIDO POLÍTICO,"34,562",7.33%,2021
ANCASH,DEMOCRACIA DIRECTA,PARTIDO POLÍTICO,"1,799",0.38%,2021
ANCASH,EL FRENTE AMPLIO POR JUSTICIA. VIDA Y LIBERTAD,PARTIDO POLÍTICO,"3,638",0.77%,2021
ANCASH,FUERZA POPULAR,PARTIDO POLÍTICO,"67,394",14.28%,2021
ANCASH,JUNTOS POR EL PERU,PARTIDO POLÍTICO,"39,786",8.43%,2021
ANCASH,PARTIDO DEMOCRATICO SOMOS PERU,PARTIDO POLÍTICO,"10,554",2.24%,2021
ANCASH,PARTIDO MORADO,PARTIDO POLÍTICO,"7,307",1.55%,2021
ANCASH,PARTIDO NACIONALISTA PERUANO,PARTIDO POLÍTICO,"6,069",1.29%,2021
ANCASH,PARTIDO POLITICO NACIONAL PERU LIBRE,PARTIDO POLÍTICO,"110,620",23.45%,2021
ANCASH,PARTIDO POPULAR CRISTIANO - PPC,PARTIDO POLÍTICO,"5,111",1.08%,2021
ANCASH,PERU PATRIA SEGURA,PARTIDO POLÍTICO,"2,105",0.45%,2021
ANCASH,PODEMOS PERU,PARTIDO POLÍTICO,"23,957",5.08%,2021
ANCASH,RENACIMIENTO UNIDO NACIONAL,PARTIDO POLÍTICO,"2,540",0.54%,2021
ANCASH,RENOVACION POPULAR,PARTIDO POLÍTICO,"42,312",8.97%,2021
ANCASH,RESTAURACION NACIONAL,PARTIDO POLÍTICO,"28,405",6.02%,2021
ANCASH,UNION POR EL PERU,PARTIDO POLÍTICO,"2,668",0.57%,2021
APURIMAC,ACCION POPULAR,PARTIDO POLÍTICO,"15,649",9.42%,2021
APURIMAC,ALIANZA PARA EL PROGRESO,PARTIDO POLÍTICO,"2,154",1.30%,2021
APURIMAC,AVANZA PAIS - PARTIDO DE INTEGRACION SOCIAL,PARTIDO POLÍTICO,"6,531",3.93%,2021
APURIMAC,DEMOCRACIA DIRECTA,PARTIDO POLÍTICO,594,0.36%,2021
APURIMAC,EL FRENTE AMPLIO POR JUSTICIA. VIDA Y LIBERTAD,PARTIDO POLÍTICO,"1,158",0.70%,2021
APURIMAC,FUERZA POPULAR,PARTIDO POLÍTICO,"10,879",6.55%,2021
APURIMAC,JUNTOS POR EL PERU,PARTIDO POLÍTICO,"15,368",9.25%,2021
APURIMAC,PARTIDO DEMOCRATICO SOMOS PERU,PARTIDO POLÍTICO,873,0.53%,2021
APURIMAC,PARTIDO MORADO,PARTIDO POLÍTICO,"1,687",1.02%,2021
APURIMAC,PARTIDO NACIONALISTA PERUANO,PARTIDO POLÍTICO,"4,429",2.67%,2021
APURIMAC,PARTIDO POLITICO NACIONAL PERU LIBRE,PARTIDO POLÍTICO,"88,812",53.44%,2021
APURIMAC,PARTIDO POPULAR CRISTIANO - PPC,PARTIDO POLÍTICO,484,0.29%,2021
APURIMAC,PERU PATRIA SEGURA,PARTIDO POLÍTICO,388,0.23%,2021
APURIMAC,PODEMOS PERU,PARTIDO POLÍTICO,"2,376",1.43%,2021
APURIMAC,RENACIMIENTO UNIDO NACIONAL,PARTIDO POLÍTICO,"1,735",1.04%,2021
APURIMAC,RENOVACION POPULAR,PARTIDO POLÍTICO,"7,768",4.67%,2021
APURIMAC,RESTAURACION NACIONAL,PARTIDO POLÍTICO,"2,392",1.44%,2021
APURIMAC,UNION POR EL PERU,PARTIDO POLÍTICO,"2,909",1.75%,2021
AREQUIPA,ACCION POPULAR,PARTIDO POLÍTICO,"88,708",11.15%,2021
AREQUIPA,ALIANZA PARA EL PROGRESO,PARTIDO POLÍTICO,"18,790",2.36%,2021
AREQUIPA,AVANZA PAIS - PARTIDO DE INTEGRACION SOCIAL,PARTIDO POLÍTICO,"148,793",18.70%,2021
AREQUIPA,DEMOCRACIA DIRECTA,PARTIDO POLÍTICO,"2,580",0.32%,2021
AREQUIPA,EL FRENTE AMPLIO POR JUSTICIA. VIDA Y LIBERTAD,PARTIDO POLÍTICO,"3,237",0.41%,2021
AREQUIPA,FUERZA POPULAR,PARTIDO POLÍTICO,"40,216",5.05%,2021
AREQUIPA,JUNTOS POR EL PERU,PARTIDO POLÍTICO,"55,269",6.95%,2021
AREQUIPA,PARTIDO DEMOCRATICO SOMOS PERU,PARTIDO POLÍTICO,"8,664",1.09%,2021
AREQUIPA,PARTIDO MORADO,PARTIDO POLÍTICO,"13,819",1.74%,2021
AREQUIPA,PARTIDO NACIONALISTA PERUANO,PARTIDO POLÍTICO,"7,735",0.97%,2021
AREQUIPA,PARTIDO POLITICO NACIONAL PERU LIBRE,PARTIDO POLÍTICO,"256,224",32.20%,2021
AREQUIPA,PARTIDO POPULAR CRISTIANO - PPC,PARTIDO POLÍTICO,"10,227",1.29%,2021
AREQUIPA,PERU PATRIA SEGURA,PARTIDO POLÍTICO,"2,827",0.36%,2021
AREQUIPA,PODEMOS PERU,PARTIDO POLÍTICO,"24,644",3.10%,2021
AREQUIPA,RENACIMIENTO UNIDO NACIONAL,PARTIDO POLÍTICO,"4,863",0.61%,2021
AREQUIPA,RENOVACION POPULAR,PARTIDO POLÍTICO,"71,053",8.93%,2021
AREQUIPA,RESTAURACION NACIONAL,PARTIDO POLÍTICO,"32,086",4.03%,2021
AREQUIPA,UNION POR EL PERU,PARTIDO POLÍTICO,"5,976",0.75%,2021
AYACUCHO,ACCION POPULAR,PARTIDO POLÍTICO,"20,315",8.11%,2021
AYACUCHO,ALIANZA PARA EL PROGRESO,PARTIDO POLÍTICO,"4,891",1.95%,2021
AYACUCHO,AVANZA PAIS - PARTIDO DE INTEGRACION SOCIAL,PARTIDO POLÍTICO,"8,995",3.59%,2021
AYACUCHO,DEMOCRACIA DIRECTA,PARTIDO POLÍTICO,682,0.27%,2021
AYACUCHO,EL FRENTE AMPLIO POR JUSTICIA. VIDA Y LIBERTAD,PARTIDO POLÍTICO,"2,000",0.80%,2021
AYACUCHO,FUERZA POPULAR,PARTIDO POLÍTICO,"17,751",7.08%,2021
AYACUCHO,JUNTOS POR EL PERU,PARTIDO POLÍTICO,"24,506",9.78%,2021
AYACUCHO,PARTIDO DEMOCRATICO SOMOS PERU,PARTIDO POLÍTICO,"2,116",0.84%,2021
AYACUCHO,PARTIDO MORADO,PARTIDO POLÍTICO,"2,340",0.93%,2021
AYACUCHO,PARTIDO NACIONALISTA PERUANO,PARTIDO POLÍTICO,"8,753",3.49%,2021
AYACUCHO,PARTIDO POLITICO NACIONAL PERU LIBRE,PARTIDO POLÍTICO,"130,224",51.98%,2021
AYACUCHO,PARTIDO POPULAR CRISTIANO - PPC,PARTIDO POLÍTICO,938,0.37%,2021
AYACUCHO,PERU PATRIA SEGURA,PARTIDO POLÍTICO,519,0.21%,2021
AYACUCHO,PODEMOS PERU,PARTIDO POLÍTICO,"4,187",1.67%,2021
AYACUCHO,RENACIMIENTO UNIDO NACIONAL,PARTIDO POLÍTICO,"3,152",1.26%,2021
AYACUCHO,RENOVACION POPULAR,PARTIDO POLÍTICO,"11,490",4.59%,2021
AYACUCHO,RESTAURACION NACIONAL,PARTIDO POLÍTICO,"5,156",2.06%,2021
AYACUCHO,UNION POR EL PERU,PARTIDO POLÍTICO,"2,535",1.01%,2021
CAJAMARCA,ACCION POPULAR,PARTIDO POLÍTICO,"38,677",7.47%,2021
CAJAMARCA,ALIANZA PARA EL PROGRESO,PARTIDO POLÍTICO,"43,422",8.39%,2021
CAJAMARCA,AVANZA PAIS - PARTIDO DE INTEGRACION SOCIAL,PARTIDO POLÍTICO,"25,156",4.86%,2021
CAJAMARCA,DEMOCRACIA DIRECTA,PARTIDO POLÍTICO,"1,282",0.25%,2021
CAJAMARCA,EL FRENTE AMPLIO POR JUSTICIA. VIDA Y LIBERTAD,PARTIDO POLÍTICO,"3,272",0.63%,2021
CAJAMARCA,FUERZA POPULAR,PARTIDO POLÍTICO,"54,962",10.62%,2021
CAJAMARCA,JUNTOS POR EL PERU,PARTIDO POLÍTICO,"29,746",5.75%,2021
CAJAMARCA,PARTIDO DEMOCRATICO SOMOS PERU,PARTIDO POLÍTICO,"7,627",1.47%,2021
CAJAMARCA,PARTIDO MORADO,PARTIDO POLÍTICO,"5,470",1.06%,2021
CAJAMARCA,PARTIDO NACIONALISTA PERUANO,PARTIDO POLÍTICO,"9,908",1.91%,2021
CAJAMARCA,PARTIDO POLITICO NACIONAL PERU LIBRE,PARTIDO POLÍTICO,"232,418",44.91%,2021
CAJAMARCA,PARTIDO POPULAR CRISTIANO - PPC,PARTIDO POLÍTICO,"2,350",0.45%,2021
CAJAMARCA,PERU PATRIA SEGURA,PARTIDO POLÍTICO,"1,074",0.21%,2021
CAJAMARCA,PODEMOS PERU,PARTIDO POLÍTICO,"11,204",2.17%,2021
CAJAMARCA,RENACIMIENTO UNIDO NACIONAL,PARTIDO POLÍTICO,"3,501",0.68%,2021
CAJAMARCA,RENOVACION POPULAR,PARTIDO POLÍTICO,"31,129",6.02%,2021
CAJAMARCA,RESTAURACION NACIONAL,PARTIDO POLÍTICO,"14,798",2.86%,2021
CAJAMARCA,UNION POR EL PERU,PARTIDO POLÍTICO,"1,466",0.28%,2021
CUSCO,ACCION POPULAR,PARTIDO POLÍTICO,"60,659",9.98%,2021
CUSCO,ALIANZA PARA EL PROGRESO,PARTIDO POLÍTICO,"16,034",2.64%,2021
CUSCO,AVANZA PAIS - PARTIDO DE INTEGRACION SOCIAL,PARTIDO POLÍTICO,"40,423",6.65%,2021
CUSCO,DEMOCRACIA DIRECTA,PARTIDO POLÍTICO,"5,148",0.85%,2021
CUSCO,EL FRENTE AMPLIO POR JUSTICIA. VIDA Y LIBERTAD,PARTIDO POLÍTICO,"5,756",0.95%,2021
CUSCO,FUERZA POPULAR,PARTIDO POLÍTICO,"27,132",4.46%,2021
CUSCO,JUNTOS POR EL PERU,PARTIDO POLÍTICO,"123,397",20.29%,2021
CUSCO,PARTIDO DEMOCRATICO SOMOS PERU,PARTIDO POLÍTICO,"5,695",0.94%,2021
CUSCO,PARTIDO MORADO,PARTIDO POLÍTICO,"9,232",1.52%,2021
CUSCO,PARTIDO NACIONALISTA PERUANO,PARTIDO POLÍTICO,"6,907",1.14%,2021
CUSCO,PARTIDO POLITICO NACIONAL PERU LIBRE,PARTIDO POLÍTICO,"232,178",38.19%,2021
CUSCO,PARTIDO POPULAR CRISTIANO - PPC,PARTIDO POLÍTICO,"6,227",1.02%,2021
CUSCO,PERU PATRIA SEGURA,PARTIDO POLÍTICO,"2,076",0.34%,2021
CUSCO,PODEMOS PERU,PARTIDO POLÍTICO,"8,648",1.42%,2021
CUSCO,RENACIMIENTO UNIDO NACIONAL,PARTIDO POLÍTICO,"8,006",1.32%,2021
CUSCO,RENOVACION POPULAR,PARTIDO POLÍTICO,"29,618",4.87%,2021
CUSCO,RESTAURACION NACIONAL,PARTIDO POLÍTICO,"14,033",2.31%,2021
CUSCO,UNION POR EL PERU,PARTIDO POLÍTICO,"6,864",1.13%,2021
HUANCAVELICA,ACCION POPULAR,PARTIDO POLÍTICO,"16,727",11.35%,2021
HUANCAVELICA,ALIANZA PARA EL PROGRESO,PARTIDO POLÍTICO,"2,312",1.57%,2021
HUANCAVELICA,AVANZA PAIS - PARTIDO DE INTEGRACION SOCIAL,PARTIDO POLÍTICO,"4,591",3.11%,2021
HUANCAVELICA,DEMOCRACIA DIRECTA,PARTIDO POLÍTICO,439,0.30%,2021
HUANCAVELICA,EL FRENTE AMPLIO POR JUSTICIA. VIDA Y LIBERTAD,PARTIDO POLÍTICO,"1,564",1.06%,2021
HUANCAVELICA,FUERZA POPULAR,PARTIDO POLÍTICO,"8,449",5.73%,2021
HUANCAVELICA,JUNTOS POR EL PERU,PARTIDO POLÍTICO,"10,091",6.85%,2021
HUANCAVELICA,PARTIDO DEMOCRATICO SOMOS PERU,PARTIDO POLÍTICO,"1,405",0.95%,2021
HUANCAVELICA,PARTIDO MORADO,PARTIDO POLÍTICO,"1,464",0.99%,2021
HUANCAVELICA,PARTIDO NACIONALISTA PERUANO,PARTIDO POLÍTICO,"5,338",3.62%,2021
HUANCAVELICA,PARTIDO POLITICO NACIONAL PERU LIBRE,PARTIDO POLÍTICO,"79,895",54.21%,2021
HUANCAVELICA,PARTIDO POPULAR CRISTIANO - PPC,PARTIDO POLÍTICO,404,0.27%,2021
HUANCAVELICA,PERU PATRIA SEGURA,PARTIDO POLÍTICO,285,0.19%,2021
HUANCAVELICA,PODEMOS PERU,PARTIDO POLÍTICO,"1,504",1.02%,2021
HUANCAVELICA,RENACIMIENTO UNIDO NACIONAL,PARTIDO POLÍTICO,"3,198",2.17%,2021
HUANCAVELICA,RENOVACION POPULAR,PARTIDO POLÍTICO,"5,060",3.43%,2021
HUANCAVELICA,RESTAURACION NACIONAL,PARTIDO POLÍTICO,"2,515",1.71%,2021
HUANCAVELICA,UNION POR EL PERU,PARTIDO POLÍTICO,"2,146",1.46%,2021
HUANUCO,ACCION POPULAR,PARTIDO POLÍTICO,"22,565",7.64%,2021
HUANUCO,ALIANZA PARA EL PROGRESO,PARTIDO POLÍTICO,"16,555",5.61%,2021
HUANUCO,AVANZA PAIS - PARTIDO DE INTEGRACION SOCIAL,PARTIDO POLÍTICO,"15,822",5.36%,2021
HUANUCO,DEMOCRACIA DIRECTA,PARTIDO POLÍTICO,964,0.33%,2021
HUANUCO,EL FRENTE AMPLIO POR JUSTICIA. VIDA Y LIBERTAD,PARTIDO POLÍTICO,"1,276",0.43%,2021
HUANUCO,FUERZA POPULAR,PARTIDO POLÍTICO,"32,827",11.12%,2021
HUANUCO,JUNTOS POR EL PERU,PARTIDO POLÍTICO,"15,556",5.27%,2021
HUANUCO,PARTIDO DEMOCRATICO SOMOS PERU,PARTIDO POLÍTICO,"7,035",2.38%,2021
HUANUCO,PARTIDO MORADO,PARTIDO POLÍTICO,"2,618",0.89%,2021
HUANUCO,PARTIDO NACIONALISTA PERUANO,PARTIDO POLÍTICO,"6,708",2.27%,2021
HUANUCO,PARTIDO POLITICO NACIONAL PERU LIBRE,PARTIDO POLÍTICO,"110,978",37.59%,2021
HUANUCO,PARTIDO POPULAR CRISTIANO - PPC,PARTIDO POLÍTICO,"1,541",0.52%,2021
HUANUCO,PERU PATRIA SEGURA,PARTIDO POLÍTICO,795,0.27%,2021
HUANUCO,PODEMOS PERU,PARTIDO POLÍTICO,"7,820",2.65%,2021
HUANUCO,RENACIMIENTO UNIDO NACIONAL,PARTIDO POLÍTICO,"1,928",0.65%,2021
HUANUCO,RENOVACION POPULAR,PARTIDO POLÍTICO,"33,787",11.44%,2021
HUANUCO,RESTAURACION NACIONAL,PARTIDO POLÍTICO,"12,667",4.29%,2021
HUANUCO,UNION POR EL PERU,PARTIDO POLÍTICO,"3,781",1.28%,2021
ICA,ACCION POPULAR,PARTIDO POLÍTICO,"39,475",9.73%,2021
ICA,ALIANZA PARA EL PROGRESO,PARTIDO POLÍTICO,"16,716",4.12%,2021
ICA,AVANZA PAIS - PARTIDO DE INTEGRACION SOCIAL,PARTIDO POLÍTICO,"39,949",9.84%,2021
ICA,DEMOCRACIA DIRECTA,PARTIDO POLÍTICO,"1,086",0.27%,2021
ICA,EL FRENTE AMPLIO POR JUSTICIA. VIDA Y LIBERTAD,PARTIDO POLÍTICO,"2,128",0.52%,2021
ICA,FUERZA POPULAR,PARTIDO POLÍTICO,"62,102",15.30%,2021
ICA,JUNTOS POR EL PERU,PARTIDO POLÍTICO,"30,611",7.54%,2021
ICA,PARTIDO DEMOCRATICO SOMOS PERU,PARTIDO POLÍTICO,"5,805",1.43%,2021
ICA,PARTIDO MORADO,PARTIDO POLÍTICO,"7,686",1.89%,2021
ICA,PARTIDO NACIONALISTA PERUANO,PARTIDO POLÍTICO,"4,514",1.11%,2021
ICA,PARTIDO POLITICO NACIONAL PERU LIBRE,PARTIDO POLÍTICO,"56,627",13.95%,2021
ICA,PARTIDO POPULAR CRISTIANO - PPC,PARTIDO POLÍTICO,"6,860",1.69%,2021
ICA,PERU PATRIA SEGURA,PARTIDO POLÍTICO,"1,394",0.34%,2021
ICA,PODEMOS PERU,PARTIDO POLÍTICO,"45,165",11.13%,2021
ICA,RENACIMIENTO UNIDO NACIONAL,PARTIDO POLÍTICO,"2,295",0.57%,2021
ICA,RENOVACION POPULAR,PARTIDO POLÍTICO,"46,116",11.36%,2021
ICA,RESTAURACION NACIONAL,PARTIDO POLÍTICO,"34,862",8.59%,2021
ICA,UNION POR EL PERU,PARTIDO POLÍTICO,"2,423",0.60%,2021
JUNIN,ACCION POPULAR,PARTIDO POLÍTICO,"66,214",11.53%,2021
JUNIN,ALIANZA PARA EL PROGRESO,PARTIDO POLÍTICO,"22,251",3.88%,2021
JUNIN,AVANZA PAIS - PARTIDO DE INTEGRACION SOCIAL,PARTIDO POLÍTICO,"54,124",9.43%,2021
JUNIN,DEMOCRACIA DIRECTA,PARTIDO POLÍTICO,"2,733",0.48%,2021
JUNIN,EL FRENTE AMPLIO POR JUSTICIA. VIDA Y LIBERTAD,PARTIDO POLÍTICO,"3,555",0.62%,2021
JUNIN,FUERZA POPULAR,PARTIDO POLÍTICO,"80,057",13.94%,2021
JUNIN,JUNTOS POR EL PERU,PARTIDO POLÍTICO,"52,270",9.10%,2021
JUNIN,PARTIDO DEMOCRATICO SOMOS PERU,PARTIDO POLÍTICO,"8,093",1.41%,2021
JUNIN,PARTIDO MORADO,PARTIDO POLÍTICO,"11,070",1.93%,2021
JUNIN,PARTIDO NACIONALISTA PERUANO,PARTIDO POLÍTICO,"12,640",2.20%,2021
JUNIN,PARTIDO POLITICO NACIONAL PERU LIBRE,PARTIDO POLÍTICO,"131,438",22.89%,2021
JUNIN,PARTIDO POPULAR CRISTIANO - PPC,PARTIDO POLÍTICO,"6,504",1.13%,2021
JUNIN,PERU PATRIA SEGURA,PARTIDO POLÍTICO,"2,402",0.42%,2021
JUNIN,PODEMOS PERU,PARTIDO POLÍTICO,"18,611",3.24%,2021
JUNIN,RENACIMIENTO UNIDO NACIONAL,PARTIDO POLÍTICO,"12,798",2.23%,2021
JUNIN,RENOVACION POPULAR,PARTIDO POLÍTICO,"52,599",9.16%,2021
JUNIN,RESTAURACION NACIONAL,PARTIDO POLÍTICO,"27,777",4.84%,2021
JUNIN,UNION POR EL PERU,PARTIDO POLÍTICO,"8,962",1.56%,2021
LA LIBERTAD,ACCION POPULAR,PARTIDO POLÍTICO,"47,322",6.03%,2021
LA LIBERTAD,ALIANZA PARA EL PROGRESO,PARTIDO POLÍTICO,"166,783",21.25%,2021
LA LIBERTAD,AVANZA PAIS - PARTIDO DE INTEGRACION SOCIAL,PARTIDO POLÍTICO,"84,566",10.77%,2021
LA LIBERTAD,DEMOCRACIA DIRECTA,PARTIDO POLÍTICO,"3,159",0.40%,2021
LA LIBERTAD,EL FRENTE AMPLIO POR JUSTICIA. VIDA Y LIBERTAD,PARTIDO POLÍTICO,"2,842",0.36%,2021
LA LIBERTAD,FUERZA POPULAR,PARTIDO POLÍTICO,"131,866",16.80%,2021
LA LIBERTAD,JUNTOS POR EL PERU,PARTIDO POLÍTICO,"37,474",4.77%,2021
LA LIBERTAD,PARTIDO DEMOCRATICO SOMOS PERU,PARTIDO POLÍTICO,"13,513",1.72%,2021
LA LIBERTAD,PARTIDO MORADO,PARTIDO POLÍTICO,"13,202",1.68%,2021
LA LIBERTAD,PARTIDO NACIONALISTA PERUANO,PARTIDO POLÍTICO,"4,597",0.59%,2021
LA LIBERTAD,PARTIDO POLITICO NACIONAL PERU LIBRE,PARTIDO POLÍTICO,"90,324",11.51%,2021
LA LIBERTAD,PARTIDO POPULAR CRISTIANO - PPC,PARTIDO POLÍTICO,"8,402",1.07%,2021
LA LIBERTAD,PERU PATRIA SEGURA,PARTIDO POLÍTICO,"2,993",0.38%,2021
LA LIBERTAD,PODEMOS PERU,PARTIDO POLÍTICO,"40,107",5.11%,2021
LA LIBERTAD,RENACIMIENTO UNIDO NACIONAL,PARTIDO POLÍTICO,"2,485",0.32%,2021
LA LIBERTAD,RENOVACION POPULAR,PARTIDO POLÍTICO,"95,973",12.23%,2021
LA LIBERTAD,RESTAURACION NACIONAL,PARTIDO POLÍTICO,"36,355",4.63%,2021
LA LIBERTAD,UNION POR EL PERU,PARTIDO POLÍTICO,"2,885",0.37%,2021
LAMBAYEQUE,ACCION POPULAR,PARTIDO POLÍTICO,"51,467",9.08%,2021
LAMBAYEQUE,ALIANZA PARA EL PROGRESO,PARTIDO POLÍTICO,"58,849",10.39%,2021
LAMBAYEQUE,AVANZA PAIS - PARTIDO DE INTEGRACION SOCIAL,PARTIDO POLÍTICO,"50,087",8.84%,2021
LAMBAYEQUE,DEMOCRACIA DIRECTA,PARTIDO POLÍTICO,"1,699",0.30%,2021
LAMBAYEQUE,EL FRENTE AMPLIO POR JUSTICIA. VIDA Y LIBERTAD,PARTIDO POLÍTICO,"1,546",0.27%,2021
LAMBAYEQUE,FUERZA POPULAR,PARTIDO POLÍTICO,"121,263",21.40%,2021
LAMBAYEQUE,JUNTOS POR EL PERU,PARTIDO POLÍTICO,"28,866",5.09%,2021
LAMBAYEQUE,PARTIDO DEMOCRATICO SOMOS PERU,PARTIDO POLÍTICO,"12,005",2.12%,2021
LAMBAYEQUE,PARTIDO MORADO,PARTIDO POLÍTICO,"9,605",1.70%,2021
LAMBAYEQUE,PARTIDO NACIONALISTA PERUANO,PARTIDO POLÍTICO,"4,481",0.79%,2021
LAMBAYEQUE,PARTIDO POLITICO NACIONAL PERU LIBRE,PARTIDO POLÍTICO,"73,279",12.93%,2021
LAMBAYEQUE,PARTIDO POPULAR CRISTIANO - PPC,PARTIDO POLÍTICO,"7,813",1.38%,2021
LAMBAYEQUE,PERU PATRIA SEGURA,PARTIDO POLÍTICO,"2,237",0.39%,2021
LAMBAYEQUE,PODEMOS PERU,PARTIDO POLÍTICO,"27,231",4.81%,2021
LAMBAYEQUE,RENACIMIENTO UNIDO NACIONAL,PARTIDO POLÍTICO,"1,882",0.33%,2021
LAMBAYEQUE,RENOVACION POPULAR,PARTIDO POLÍTICO,"86,126",15.20%,2021
LAMBAYEQUE,RESTAURACION NACIONAL,PARTIDO POLÍTICO,"25,800",4.55%,2021
LAMBAYEQUE,UNION POR EL PERU,PARTIDO POLÍTICO,"2,332",0.41%,2021
LIMA,ACCION POPULAR,PARTIDO POLÍTICO,"362,881",6.83%,2021
LIMA,ALIANZA PARA EL PROGRESO,PARTIDO POLÍTICO,"206,522",3.89%,2021
LIMA,AVANZA PAIS - PARTIDO DE INTEGRACION SOCIAL,PARTIDO POLÍTICO,"871,000",16.40%,2021
LIMA,DEMOCRACIA DIRECTA,PARTIDO POLÍTICO,"17,554",0.33%,2021
LIMA,EL FRENTE AMPLIO POR JUSTICIA. VIDA Y LIBERTAD,PARTIDO POLÍTICO,"16,985",0.32%,2021
LIMA,FUERZA POPULAR,PARTIDO POLÍTICO,"754,216",14.20%,2021
LIMA,JUNTOS POR EL PERU,PARTIDO POLÍTICO,"431,633",8.13%,2021
LIMA,PARTIDO DEMOCRATICO SOMOS PERU,PARTIDO POLÍTICO,"88,536",1.67%,2021
LIMA,PARTIDO MORADO,PARTIDO POLÍTICO,"181,131",3.41%,2021
LIMA,PARTIDO NACIONALISTA PERUANO,PARTIDO POLÍTICO,"42,762",0.81%,2021
LIMA,PARTIDO POLITICO NACIONAL PERU LIBRE,PARTIDO POLÍTICO,"416,743",7.85%,2021
LIMA,PARTIDO POPULAR CRISTIANO - PPC,PARTIDO POLÍTICO,"180,602",3.40%,2021
LIMA,PERU PATRIA SEGURA,PARTIDO POLÍTICO,"24,343",0.46%,2021
LIMA,PODEMOS PERU,PARTIDO POLÍTICO,"407,004",7.66%,2021
LIMA,RENACIMIENTO UNIDO NACIONAL,PARTIDO POLÍTICO,"22,081",0.42%,2021
LIMA,RENOVACION POPULAR,PARTIDO POLÍTICO,"870,416",16.39%,2021
LIMA,RESTAURACION NACIONAL,PARTIDO POLÍTICO,"387,931",7.30%,2021
LIMA,UNION POR EL PERU,PARTIDO POLÍTICO,"28,166",0.53%,2021
RESIDENTES EN EL EXTRANJERO,ACCION POPULAR,PARTIDO POLÍTICO,"11,607",7.18%,2021
RESIDENTES EN EL EXTRANJERO,ALIANZA PARA EL PROGRESO,PARTIDO POLÍTICO,"3,070",1.90%,2021
RESIDENTES EN EL EXTRANJERO,AVANZA PAIS - PARTIDO DE INTEGRACION SOCIAL,PARTIDO POLÍTICO,"21,519",13.32%,2021
RESIDENTES EN EL EXTRANJERO,DEMOCRACIA DIRECTA,PARTIDO POLÍTICO,618,0.38%,2021
RESIDENTES EN EL EXTRANJERO,EL FRENTE AMPLIO POR JUSTICIA. VIDA Y LIBERTAD,PARTIDO POLÍTICO,"1,083",0.67%,2021
RESIDENTES EN EL EXTRANJERO,FUERZA POPULAR,PARTIDO POLÍTICO,"22,866",14.15%,2021
RESIDENTES EN EL EXTRANJERO,JUNTOS POR EL PERU,PARTIDO POLÍTICO,"21,170",13.10%,2021
RESIDENTES EN EL EXTRANJERO,PARTIDO DEMOCRATICO SOMOS PERU,PARTIDO POLÍTICO,"2,867",1.77%,2021
RESIDENTES EN EL EXTRANJERO,PARTIDO MORADO,PARTIDO POLÍTICO,"6,432",3.98%,2021
RESIDENTES EN EL EXTRANJERO,PARTIDO NACIONALISTA PERUANO,PARTIDO POLÍTICO,"1,876",1.16%,2021
RESIDENTES EN EL EXTRANJERO,PARTIDO POLITICO NACIONAL PERU LIBRE,PARTIDO POLÍTICO,"10,600",6.56%,2021
RESIDENTES EN EL EXTRANJERO,PARTIDO POPULAR CRISTIANO - PPC,PARTIDO POLÍTICO,"4,440",2.75%,2021
RESIDENTES EN EL EXTRANJERO,PERU PATRIA SEGURA,PARTIDO POLÍTICO,"1,303",0.81%,2021
RESIDENTES EN EL EXTRANJERO,PODEMOS PERU,PARTIDO POLÍTICO,"4,162",2.58%,2021
RESIDENTES EN EL EXTRANJERO,RENACIMIENTO UNIDO NACIONAL,PARTIDO POLÍTICO,742,0.46%,2021
RESIDENTES EN EL EXTRANJERO,RENOVACION POPULAR,PARTIDO POLÍTICO,"34,704",21.48%,2021
RESIDENTES EN EL EXTRANJERO,RESTAURACION NACIONAL,PARTIDO POLÍTICO,"11,559",7.15%,2021
RESIDENTES EN EL EXTRANJERO,UNION POR EL PERU,PARTIDO POLÍTICO,955,0.59%,2021
LORETO,ACCION POPULAR,PARTIDO POLÍTICO,"34,998",11.14%,2021
LORETO,ALIANZA PARA EL PROGRESO,PARTIDO POLÍTICO,"36,744",11.70%,2021
LORETO,AVANZA PAIS - PARTIDO DE INTEGRACION SOCIAL,PARTIDO POLÍTICO,"18,846",6.00%,2021
LORETO,DEMOCRACIA DIRECTA,PARTIDO POLÍTICO,952,0.30%,2021
LORETO,EL FRENTE AMPLIO POR JUSTICIA. VIDA Y LIBERTAD,PARTIDO POLÍTICO,"1,288",0.41%,2021
LORETO,FUERZA POPULAR,PARTIDO POLÍTICO,"52,344",16.66%,2021
LORETO,JUNTOS POR EL PERU,PARTIDO POLÍTICO,"19,631",6.25%,2021
LORETO,PARTIDO DEMOCRATICO SOMOS PERU,PARTIDO POLÍTICO,"11,813",3.76%,2021
LORETO,PARTIDO MORADO,PARTIDO POLÍTICO,"5,558",1.77%,2021
LORETO,PARTIDO NACIONALISTA PERUANO,PARTIDO POLÍTICO,"24,985",7.95%,2021
LORETO,PARTIDO POLITICO NACIONAL PERU LIBRE,PARTIDO POLÍTICO,"15,662",4.99%,2021
LORETO,PARTIDO POPULAR CRISTIANO - PPC,PARTIDO POLÍTICO,"3,575",1.14%,2021
LORETO,PERU PATRIA SEGURA,PARTIDO POLÍTICO,"1,249",0.40%,2021
LORETO,PODEMOS PERU,PARTIDO POLÍTICO,"22,747",7.24%,2021
LORETO,RENACIMIENTO UNIDO NACIONAL,PARTIDO POLÍTICO,"1,232",0.39%,2021
LORETO,RENOVACION POPULAR,PARTIDO POLÍTICO,"16,449",5.24%,2021
LORETO,RESTAURACION NACIONAL,PARTIDO POLÍTICO,"44,235",14.08%,2021
LORETO,UNION POR EL PERU,PARTIDO POLÍTICO,"1,800",0.57%,2021
MADRE DE DIOS,ACCION POPULAR,PARTIDO POLÍTICO,"6,601",10.22%,2021
MADRE DE DIOS,ALIANZA PARA EL PROGRESO,PARTIDO POLÍTICO,"3,463",5.36%,2021
MADRE DE DIOS,AVANZA PAIS - PARTIDO DE INTEGRACION SOCIAL,PARTIDO POLÍTICO,"3,996",6.19%,2021
MADRE DE DIOS,DEMOCRACIA DIRECTA,PARTIDO POLÍTICO,193,0.30%,2021
MADRE DE DIOS,EL FRENTE AMPLIO POR JUSTICIA. VIDA Y LIBERTAD,PARTIDO POLÍTICO,235,0.36%,2021
MADRE DE DIOS,FUERZA POPULAR,PARTIDO POLÍTICO,"7,278",11.27%,2021
MADRE DE DIOS,JUNTOS POR EL PERU,PARTIDO POLÍTICO,"4,372",6.77%,2021
MADRE DE DIOS,PARTIDO DEMOCRATICO SOMOS PERU,PARTIDO POLÍTICO,499,0.77%,2021
MADRE DE DIOS,PARTIDO MORADO,PARTIDO POLÍTICO,708,1.10%,2021
MADRE DE DIOS,PARTIDO NACIONALISTA PERUANO,PARTIDO POLÍTICO,756,1.17%,2021
MADRE DE DIOS,PARTIDO POLITICO NACIONAL PERU LIBRE,PARTIDO POLÍTICO,"23,945",37.08%,2021
MADRE DE DIOS,PARTIDO POPULAR CRISTIANO - PPC,PARTIDO POLÍTICO,298,0.46%,2021
MADRE DE DIOS,PERU PATRIA SEGURA,PARTIDO POLÍTICO,211,0.33%,2021
MADRE DE DIOS,PODEMOS PERU,PARTIDO POLÍTICO,"1,748",2.71%,2021
MADRE DE DIOS,RENACIMIENTO UNIDO NACIONAL,PARTIDO POLÍTICO,410,0.63%,2021
MADRE DE DIOS,RENOVACION POPULAR,PARTIDO POLÍTICO,"4,041",6.26%,2021
MADRE DE DIOS,RESTAURACION NACIONAL,PARTIDO POLÍTICO,"3,000",4.65%,2021
MADRE DE DIOS,UNION POR EL PERU,PARTIDO POLÍTICO,"2,820",4.37%,2021
MOQUEGUA,ACCION POPULAR,PARTIDO POLÍTICO,"15,412",15.74%,2021
MOQUEGUA,ALIANZA PARA EL PROGRESO,PARTIDO POLÍTICO,"2,244",2.29%,2021
MOQUEGUA,AVANZA PAIS - PARTIDO DE INTEGRACION SOCIAL,PARTIDO POLÍTICO,"10,183",10.40%,2021
MOQUEGUA,DEMOCRACIA DIRECTA,PARTIDO POLÍTICO,287,0.29%,2021
MOQUEGUA,EL FRENTE AMPLIO POR JUSTICIA. VIDA Y LIBERTAD,PARTIDO POLÍTICO,416,0.42%,2021
MOQUEGUA,FUERZA POPULAR,PARTIDO POLÍTICO,"4,617",4.71%,2021
MOQUEGUA,JUNTOS POR EL PERU,PARTIDO POLÍTICO,"7,190",7.34%,2021
MOQUEGUA,PARTIDO DEMOCRATICO SOMOS PERU,PARTIDO POLÍTICO,"3,024",3.09%,2021
MOQUEGUA,PARTIDO MORADO,PARTIDO POLÍTICO,"1,305",1.33%,2021
MOQUEGUA,PARTIDO NACIONALISTA PERUANO,PARTIDO POLÍTICO,"1,308",1.34%,2021
MOQUEGUA,PARTIDO POLITICO NACIONAL PERU LIBRE,PARTIDO POLÍTICO,"33,665",34.38%,2021
MOQUEGUA,PARTIDO POPULAR CRISTIANO - PPC,PARTIDO POLÍTICO,"1,199",1.22%,2021
MOQUEGUA,PERU PATRIA SEGURA,PARTIDO POLÍTICO,311,0.32%,2021
MOQUEGUA,PODEMOS PERU,PARTIDO POLÍTICO,"4,923",5.03%,2021
MOQUEGUA,RENACIMIENTO UNIDO NACIONAL,PARTIDO POLÍTICO,497,0.51%,2021
MOQUEGUA,RENOVACION POPULAR,PARTIDO POLÍTICO,"6,832",6.98%,2021
MOQUEGUA,RESTAURACION NACIONAL,PARTIDO POLÍTICO,"3,847",3.93%,2021
MOQUEGUA,UNION POR EL PERU,PARTIDO POLÍTICO,666,0.68%,2021
PASCO,ACCION POPULAR,PARTIDO POLÍTICO,"11,871",11.87%,2021
PASCO,ALIANZA PARA EL PROGRESO,PARTIDO POLÍTICO,"5,470",5.47%,2021
PASCO,AVANZA PAIS - PARTIDO DE INTEGRACION SOCIAL,PARTIDO POLÍTICO,"5,102",5.10%,2021
PASCO,DEMOCRACIA DIRECTA,PARTIDO POLÍTICO,251,0.25%,2021
PASCO,EL FRENTE AMPLIO POR JUSTICIA. VIDA Y LIBERTAD,PARTIDO POLÍTICO,357,0.36%,2021
PASCO,FUERZA POPULAR,PARTIDO POLÍTICO,"12,607",12.61%,2021
PASCO,JUNTOS POR EL PERU,PARTIDO POLÍTICO,"6,896",6.90%,2021
PASCO,PARTIDO DEMOCRATICO SOMOS PERU,PARTIDO POLÍTICO,"1,655",1.66%,2021
PASCO,PARTIDO MORADO,PARTIDO POLÍTICO,"1,531",1.53%,2021
PASCO,PARTIDO NACIONALISTA PERUANO,PARTIDO POLÍTICO,"2,630",2.63%,2021
PASCO,PARTIDO POLITICO NACIONAL PERU LIBRE,PARTIDO POLÍTICO,"34,187",34.19%,2021
PASCO,PARTIDO POPULAR CRISTIANO - PPC,PARTIDO POLÍTICO,734,0.73%,2021
PASCO,PERU PATRIA SEGURA,PARTIDO POLÍTICO,256,0.26%,2021
PASCO,PODEMOS PERU,PARTIDO POLÍTICO,"2,833",2.83%,2021
PASCO,RENACIMIENTO UNIDO NACIONAL,PARTIDO POLÍTICO,604,0.60%,2021
PASCO,RENOVACION POPULAR,PARTIDO POLÍTICO,"8,009",8.01%,2021
PASCO,RESTAURACION NACIONAL,PARTIDO POLÍTICO,"4,178",4.18%,2021
PASCO,UNION POR EL PERU,PARTIDO POLÍTICO,825,0.83%,2021
PIURA,ACCION POPULAR,PARTIDO POLÍTICO,"51,250",7.31%,2021
PIURA,ALIANZA PARA EL PROGRESO,PARTIDO POLÍTICO,"77,291",11.03%,2021
PIURA,AVANZA PAIS - PARTIDO DE INTEGRACION SOCIAL,PARTIDO POLÍTICO,"63,866",9.11%,2021
PIURA,DEMOCRACIA DIRECTA,PARTIDO POLÍTICO,"2,103",0.30%,2021
PIURA,EL FRENTE AMPLIO POR JUSTICIA. VIDA Y LIBERTAD,PARTIDO POLÍTICO,"3,059",0.44%,2021
PIURA,FUERZA POPULAR,PARTIDO POLÍTICO,"173,933",24.81%,2021
PIURA,JUNTOS POR EL PERU,PARTIDO POLÍTICO,"44,610",6.36%,2021
PIURA,PARTIDO DEMOCRATICO SOMOS PERU,PARTIDO POLÍTICO,"20,604",2.94%,2021
PIURA,PARTIDO MORADO,PARTIDO POLÍTICO,"11,654",1.66%,2021
PIURA,PARTIDO NACIONALISTA PERUANO,PARTIDO POLÍTICO,"16,850",2.40%,2021
PIURA,PARTIDO POLITICO NACIONAL PERU LIBRE,PARTIDO POLÍTICO,"71,028",10.13%,2021
PIURA,PARTIDO POPULAR CRISTIANO - PPC,PARTIDO POLÍTICO,"7,060",1.01%,2021
PIURA,PERU PATRIA SEGURA,PARTIDO POLÍTICO,"2,142",0.31%,2021
PIURA,PODEMOS PERU,PARTIDO POLÍTICO,"51,135",7.30%,2021
PIURA,RENACIMIENTO UNIDO NACIONAL,PARTIDO POLÍTICO,"3,146",0.45%,2021
PIURA,RENOVACION POPULAR,PARTIDO POLÍTICO,"68,356",9.75%,2021
PIURA,RESTAURACION NACIONAL,PARTIDO POLÍTICO,"29,700",4.24%,2021
PIURA,UNION POR EL PERU,PARTIDO POLÍTICO,"3,158",0.45%,2021
PUNO,ACCION POPULAR,PARTIDO POLÍTICO,"175,712",28.55%,2021
PUNO,ALIANZA PARA EL PROGRESO,PARTIDO POLÍTICO,"11,225",1.82%,2021
PUNO,AVANZA PAIS - PARTIDO DE INTEGRACION SOCIAL,PARTIDO POLÍTICO,"21,665",3.52%,2021
PUNO,DEMOCRACIA DIRECTA,PARTIDO POLÍTICO,"1,697",0.28%,2021
PUNO,EL FRENTE AMPLIO POR JUSTICIA. VIDA Y LIBERTAD,PARTIDO POLÍTICO,"3,426",0.56%,2021
PUNO,FUERZA POPULAR,PARTIDO POLÍTICO,"17,514",2.85%,2021
PUNO,JUNTOS POR EL PERU,PARTIDO POLÍTICO,"35,484",5.76%,2021
PUNO,PARTIDO DEMOCRATICO SOMOS PERU,PARTIDO POLÍTICO,"3,088",0.50%,2021
PUNO,PARTIDO MORADO,PARTIDO POLÍTICO,"3,621",0.59%,2021
PUNO,PARTIDO NACIONALISTA PERUANO,PARTIDO POLÍTICO,"7,237",1.18%,2021
PUNO,PARTIDO POLITICO NACIONAL PERU LIBRE,PARTIDO POLÍTICO,"292,218",47.47%,2021
PUNO,PARTIDO POPULAR CRISTIANO - PPC,PARTIDO POLÍTICO,"1,962",0.32%,2021
PUNO,PERU PATRIA SEGURA,PARTIDO POLÍTICO,"1,423",0.23%,2021
PUNO,PODEMOS PERU,PARTIDO POLÍTICO,"6,823",1.11%,2021
PUNO,RENACIMIENTO UNIDO NACIONAL,PARTIDO POLÍTICO,"5,656",0.92%,2021
PUNO,RENOVACION POPULAR,PARTIDO POLÍTICO,"15,918",2.59%,2021
PUNO,RESTAURACION NACIONAL,PARTIDO POLÍTICO,"5,667",0.92%,2021
PUNO,UNION POR EL PERU,PARTIDO POLÍTICO,"5,185",0.84%,2021
SAN MARTIN,ACCION POPULAR,PARTIDO POLÍTICO,"31,498",10.05%,2021
SAN MARTIN,ALIANZA PARA EL PROGRESO,PARTIDO POLÍTICO,"37,057",11.82%,2021
SAN MARTIN,AVANZA PAIS - PARTIDO DE INTEGRACION SOCIAL,PARTIDO POLÍTICO,"21,825",6.96%,2021
SAN MARTIN,DEMOCRACIA DIRECTA,PARTIDO POLÍTICO,791,0.25%,2021
SAN MARTIN,EL FRENTE AMPLIO POR JUSTICIA. VIDA Y LIBERTAD,PARTIDO POLÍTICO,"1,065",0.34%,2021
SAN MARTIN,FUERZA POPULAR,PARTIDO POLÍTICO,"46,699",14.90%,2021
SAN MARTIN,JUNTOS POR EL PERU,PARTIDO POLÍTICO,"17,122",5.46%,2021
SAN MARTIN,PARTIDO DEMOCRATICO SOMOS PERU,PARTIDO POLÍTICO,"5,996",1.91%,2021
SAN MARTIN,PARTIDO MORADO,PARTIDO POLÍTICO,"3,502",1.12%,2021
SAN MARTIN,PARTIDO NACIONALISTA PERUANO,PARTIDO POLÍTICO,"21,595",6.89%,2021
SAN MARTIN,PARTIDO POLITICO NACIONAL PERU LIBRE,PARTIDO POLÍTICO,"67,000",21.37%,2021
SAN MARTIN,PARTIDO POPULAR CRISTIANO - PPC,PARTIDO POLÍTICO,"1,568",0.50%,2021
SAN MARTIN,PERU PATRIA SEGURA,PARTIDO POLÍTICO,756,0.24%,2021
SAN MARTIN,PODEMOS PERU,PARTIDO POLÍTICO,"10,244",3.27%,2021
SAN MARTIN,RENACIMIENTO UNIDO NACIONAL,PARTIDO POLÍTICO,"1,650",0.53%,2021
SAN MARTIN,RENOVACION POPULAR,PARTIDO POLÍTICO,"26,561",8.47%,2021
SAN MARTIN,RESTAURACION NACIONAL,PARTIDO POLÍTICO,"15,114",4.82%,2021
SAN MARTIN,UNION POR EL PERU,PARTIDO POLÍTICO,"3,427",1.09%,2021
TACNA,ACCION POPULAR,PARTIDO POLÍTICO,"28,696",14.77%,2021
TACNA,ALIANZA PARA EL PROGRESO,PARTIDO POLÍTICO,"4,418",2.27%,2021
TACNA,AVANZA PAIS - PARTIDO DE INTEGRACION SOCIAL,PARTIDO POLÍTICO,"21,000",10.81%,2021
TACNA,DEMOCRACIA DIRECTA,PARTIDO POLÍTICO,522,0.27%,2021
TACNA,EL FRENTE AMPLIO POR JUSTICIA. VIDA Y LIBERTAD,PARTIDO POLÍTICO,"1,020",0.53%,2021
TACNA,FUERZA POPULAR,PARTIDO POLÍTICO,"9,363",4.82%,2021
TACNA,JUNTOS POR EL PERU,PARTIDO POLÍTICO,"14,068",7.24%,2021
TACNA,PARTIDO DEMOCRATICO SOMOS PERU,PARTIDO POLÍTICO,"2,307",1.19%,2021
TACNA,PARTIDO MORADO,PARTIDO POLÍTICO,"3,197",1.65%,2021
TACNA,PARTIDO NACIONALISTA PERUANO,PARTIDO POLÍTICO,"4,410",2.27%,2021
TACNA,PARTIDO POLITICO NACIONAL PERU LIBRE,PARTIDO POLÍTICO,"64,521",33.21%,2021
TACNA,PARTIDO POPULAR CRISTIANO - PPC,PARTIDO POLÍTICO,"2,806",1.44%,2021
TACNA,PERU PATRIA SEGURA,PARTIDO POLÍTICO,651,0.34%,2021
TACNA,PODEMOS PERU,PARTIDO POLÍTICO,"8,889",4.58%,2021
TACNA,RENACIMIENTO UNIDO NACIONAL,PARTIDO POLÍTICO,990,0.51%,2021
TACNA,RENOVACION POPULAR,PARTIDO POLÍTICO,"17,842",9.18%,2021
TACNA,RESTAURACION NACIONAL,PARTIDO POLÍTICO,"8,061",4.15%,2021
TACNA,UNION POR EL PERU,PARTIDO POLÍTICO,"1,508",0.78%,2021
TUMBES,ACCION POPULAR,PARTIDO POLÍTICO,"7,046",7.17%,2021
TUMBES,ALIANZA PARA EL PROGRESO,PARTIDO POLÍTICO,"10,680",10.87%,2021
TUMBES,AVANZA PAIS - PARTIDO DE INTEGRACION SOCIAL,PARTIDO POLÍTICO,"7,123",7.25%,2021
TUMBES,DEMOCRACIA DIRECTA,PARTIDO POLÍTICO,458,0.47%,2021
TUMBES,EL FRENTE AMPLIO POR JUSTICIA. VIDA Y LIBERTAD,PARTIDO POLÍTICO,554,0.56%,2021
TUMBES,FUERZA POPULAR,PARTIDO POLÍTICO,"36,403",37.05%,2021
TUMBES,JUNTOS POR EL PERU,PARTIDO POLÍTICO,"5,242",5.34%,2021
TUMBES,PARTIDO DEMOCRATICO SOMOS PERU,PARTIDO POLÍTICO,"1,438",1.46%,2021
TUMBES,PARTIDO MORADO,PARTIDO POLÍTICO,"1,249",1.27%,2021
TUMBES,PARTIDO NACIONALISTA PERUANO,PARTIDO POLÍTICO,"1,027",1.05%,2021
TUMBES,PARTIDO POLITICO NACIONAL PERU LIBRE,PARTIDO POLÍTICO,"7,613",7.75%,2021
TUMBES,PARTIDO POPULAR CRISTIANO - PPC,PARTIDO POLÍTICO,696,0.71%,2021
TUMBES,PERU PATRIA SEGURA,PARTIDO POLÍTICO,214,0.22%,2021
TUMBES,PODEMOS PERU,PARTIDO POLÍTICO,"5,201",5.29%,2021
TUMBES,RENACIMIENTO UNIDO NACIONAL,PARTIDO POLÍTICO,274,0.28%,2021
TUMBES,RENOVACION POPULAR,PARTIDO POLÍTICO,"8,799",8.96%,2021
TUMBES,RESTAURACION NACIONAL,PARTIDO POLÍTICO,"3,829",3.90%,2021
TUMBES,UNION POR EL PERU,PARTIDO POLÍTICO,395,0.40%,2021
CALLAO,ACCION POPULAR,PARTIDO POLÍTICO,"34,965",6.66%,2021
CALLAO,ALIANZA PARA EL PROGRESO,PARTIDO POLÍTICO,"25,917",4.93%,2021
CALLAO,AVANZA PAIS - PARTIDO DE INTEGRACION SOCIAL,PARTIDO POLÍTICO,"78,920",15.02%,2021
CALLAO,DEMOCRACIA DIRECTA,PARTIDO POLÍTICO,"2,212",0.42%,2021
CALLAO,EL FRENTE AMPLIO POR JUSTICIA. VIDA Y LIBERTAD,PARTIDO POLÍTICO,"1,735",0.33%,2021
CALLAO,FUERZA POPULAR,PARTIDO POLÍTICO,"79,699",15.17%,2021
CALLAO,JUNTOS POR EL PERU,PARTIDO POLÍTICO,"38,233",7.28%,2021
CALLAO,PARTIDO DEMOCRATICO SOMOS PERU,PARTIDO POLÍTICO,"9,446",1.80%,2021
CALLAO,PARTIDO MORADO,PARTIDO POLÍTICO,"16,094",3.06%,2021
CALLAO,PARTIDO NACIONALISTA PERUANO,PARTIDO POLÍTICO,"4,475",0.85%,2021
CALLAO,PARTIDO POLITICO NACIONAL PERU LIBRE,PARTIDO POLÍTICO,"33,750",6.43%,2021
CALLAO,PARTIDO POPULAR CRISTIANO - PPC,PARTIDO POLÍTICO,"21,947",4.18%,2021
CALLAO,PERU PATRIA SEGURA,PARTIDO POLÍTICO,"2,781",0.53%,2021
CALLAO,PODEMOS PERU,PARTIDO POLÍTICO,"48,241",9.18%,2021
CALLAO,RENACIMIENTO UNIDO NACIONAL,PARTIDO POLÍTICO,"2,046",0.39%,2021
CALLAO,RENOVACION POPULAR,PARTIDO POLÍTICO,"78,066",14.86%,2021
CALLAO,RESTAURACION NACIONAL,PARTIDO POLÍTICO,"44,171",8.41%,2021
CALLAO,UNION POR EL PERU,PARTIDO POLÍTICO,"2,569",0.49%,2021
UCAYALI,ACCION POPULAR,PARTIDO POLÍTICO,"14,359",7.62%,2021
UCAYALI,ALIANZA PARA EL PROGRESO,PARTIDO POLÍTICO,"18,589",9.87%,2021
UCAYALI,AVANZA PAIS - PARTIDO DE INTEGRACION SOCIAL,PARTIDO POLÍTICO,"11,124",5.91%,2021
UCAYALI,DEMOCRACIA DIRECTA,PARTIDO POLÍTICO,765,0.41%,2021
UCAYALI,EL FRENTE AMPLIO POR JUSTICIA. VIDA Y LIBERTAD,PARTIDO POLÍTICO,820,0.44%,2021
UCAYALI,FUERZA POPULAR,PARTIDO POLÍTICO,"40,510",21.51%,2021
UCAYALI,JUNTOS POR EL PERU,PARTIDO POLÍTICO,"15,092",8.01%,2021
UCAYALI,PARTIDO DEMOCRATICO SOMOS PERU,PARTIDO POLÍTICO,"3,650",1.94%,2021
UCAYALI,PARTIDO MORADO,PARTIDO POLÍTICO,"2,268",1.20%,2021
UCAYALI,PARTIDO NACIONALISTA PERUANO,PARTIDO POLÍTICO,"3,199",1.70%,2021
UCAYALI,PARTIDO POLITICO NACIONAL PERU LIBRE,PARTIDO POLÍTICO,"26,339",13.98%,2021
UCAYALI,PARTIDO POPULAR CRISTIANO - PPC,PARTIDO POLÍTICO,"2,207",1.17%,2021
UCAYALI,PERU PATRIA SEGURA,PARTIDO POLÍTICO,630,0.33%,2021
UCAYALI,PODEMOS PERU,PARTIDO POLÍTICO,"18,380",9.76%,2021
UCAYALI,RENACIMIENTO UNIDO NACIONAL,PARTIDO POLÍTICO,891,0.47%,2021
UCAYALI,RENOVACION POPULAR,PARTIDO POLÍTICO,"14,981",7.95%,2021
UCAYALI,RESTAURACION NACIONAL,PARTIDO POLÍTICO,"12,004",6.37%,2021
UCAYALI,UNION POR EL PERU,PARTIDO POLÍTICO,"2,562",1.36%,2021
AMAZONAS,FUERZA POPULAR,PARTIDO POLÍTICO,"62,083",42.90%,2016
AMAZONAS,PERUANOS POR EL KAMBIO,PARTIDO POLÍTICO,"17,026",11.77%,2016
AMAZONAS,"EL FRENTE AMPLIO POR JUSTICIA, VIDA Y LIBERTAD",PARTIDO POLÍTICO,"31,681",21.89%,2016
AMAZONAS,ACCION POPULAR,PARTIDO POLÍTICO,"8,166",5.64%,2016
AMAZONAS,ALIANZA POPULAR,ALIANZA ELECTORAL,"5,175",3.58%,2016
AMAZONAS,DEMOCRACIA DIRECTA,PARTIDO POLÍTICO,"13,590",9.39%,2016
AMAZONAS,FRENTE ESPERANZA,PARTIDO POLÍTICO,"1,043",0.72%,2016
AMAZONAS,PERU POSIBLE,PARTIDO POLÍTICO,"1,635",1.13%,2016
AMAZONAS,PROGRESANDO PERU,PARTIDO POLÍTICO,"2,584",1.79%,2016
AMAZONAS,PARTIDO POLITICO ORDEN,PARTIDO POLÍTICO,177,0.12%,2016
AMAZONAS,ALIANZA ELECTORAL SOLIDARIDAD NACIONAL - UPP,ALIANZA ELECTORAL,670,0.46%,2016
AMAZONAS,PERU LIBERTARIO,PARTIDO POLÍTICO,526,0.36%,2016
AMAZONAS,PERU NACION,PARTIDO POLÍTICO,182,0.13%,2016
AMAZONAS,PARTIDO HUMANISTA PERUANO,PARTIDO POLÍTICO,175,0.12%,2016
ANCASH,FUERZA POPULAR,PARTIDO POLÍTICO,"216,261",42.27%,2016
ANCASH,PERUANOS POR EL KAMBIO,PARTIDO POLÍTICO,"80,069",15.65%,2016
ANCASH,"EL FRENTE AMPLIO POR JUSTICIA, VIDA Y LIBERTAD",PARTIDO POLÍTICO,"109,837",21.47%,2016
ANCASH,ACCION POPULAR,PARTIDO POLÍTICO,"27,605",5.40%,2016
ANCASH,ALIANZA POPULAR,ALIANZA ELECTORAL,"30,859",6.03%,2016
ANCASH,DEMOCRACIA DIRECTA,PARTIDO POLÍTICO,"3,569",0.70%,2016
ANCASH,FRENTE ESPERANZA,PARTIDO POLÍTICO,"6,821",1.33%,2016
ANCASH,PERU POSIBLE,PARTIDO POLÍTICO,"29,000",5.67%,2016
ANCASH,PROGRESANDO PERU,PARTIDO POLÍTICO,"2,194",0.43%,2016
ANCASH,PARTIDO POLITICO ORDEN,PARTIDO POLÍTICO,"1,245",0.24%,2016
ANCASH,ALIANZA ELECTORAL SOLIDARIDAD NACIONAL - UPP,ALIANZA ELECTORAL,"2,061",0.40%,2016
ANCASH,PERU LIBERTARIO,PARTIDO POLÍTICO,888,0.17%,2016
ANCASH,PERU NACION,PARTIDO POLÍTICO,632,0.12%,2016
ANCASH,PARTIDO HUMANISTA PERUANO,PARTIDO POLÍTICO,618,0.12%,2016
APURIMAC,FUERZA POPULAR,PARTIDO POLÍTICO,"50,822",30.76%,2016
APURIMAC,PERUANOS POR EL KAMBIO,PARTIDO POLÍTICO,"9,214",5.58%,2016
APURIMAC,"EL FRENTE AMPLIO POR JUSTICIA, VIDA Y LIBERTAD",PARTIDO POLÍTICO,"82,443",49.90%,2016
APURIMAC,ACCION POPULAR,PARTIDO POLÍTICO,"8,329",5.04%,2016
APURIMAC,ALIANZA POPULAR,ALIANZA ELECTORAL,"3,810",2.31%,2016
APURIMAC,DEMOCRACIA DIRECTA,PARTIDO POLÍTICO,"6,818",4.13%,2016
APURIMAC,FRENTE ESPERANZA,PARTIDO POLÍTICO,"1,094",0.66%,2016
APURIMAC,PERU POSIBLE,PARTIDO POLÍTICO,"1,063",0.64%,2016
APURIMAC,PROGRESANDO PERU,PARTIDO POLÍTICO,315,0.19%,2016
APURIMAC,PARTIDO POLITICO ORDEN,PARTIDO POLÍTICO,142,0.09%,2016
APURIMAC,ALIANZA ELECTORAL SOLIDARIDAD NACIONAL - UPP,ALIANZA ELECTORAL,529,0.32%,2016
APURIMAC,PERU LIBERTARIO,PARTIDO POLÍTICO,329,0.20%,2016
APURIMAC,PERU NACION,PARTIDO POLÍTICO,143,0.09%,2016
APURIMAC,PARTIDO HUMANISTA PERUANO,PARTIDO POLÍTICO,161,0.10%,2016
AREQUIPA,FUERZA POPULAR,PARTIDO POLÍTICO,"184,918",23.88%,2016
AREQUIPA,PERUANOS POR EL KAMBIO,PARTIDO POLÍTICO,"210,224",27.15%,2016
AREQUIPA,"EL FRENTE AMPLIO POR JUSTICIA, VIDA Y LIBERTAD",PARTIDO POLÍTICO,"197,452",25.50%,2016
AREQUIPA,ACCION POPULAR,PARTIDO POLÍTICO,"86,428",11.16%,2016
AREQUIPA,ALIANZA POPULAR,ALIANZA ELECTORAL,"26,603",3.44%,2016
AREQUIPA,DEMOCRACIA DIRECTA,PARTIDO POLÍTICO,"29,287",3.78%,2016
AREQUIPA,FRENTE ESPERANZA,PARTIDO POLÍTICO,"18,604",2.40%,2016
AREQUIPA,PERU POSIBLE,PARTIDO POLÍTICO,"6,730",0.87%,2016
AREQUIPA,PROGRESANDO PERU,PARTIDO POLÍTICO,"6,171",0.80%,2016
AREQUIPA,PARTIDO POLITICO ORDEN,PARTIDO POLÍTICO,"2,771",0.36%,2016
AREQUIPA,ALIANZA ELECTORAL SOLIDARIDAD NACIONAL - UPP,ALIANZA ELECTORAL,"2,401",0.31%,2016
AREQUIPA,PERU LIBERTARIO,PARTIDO POLÍTICO,"1,274",0.17%,2016
AREQUIPA,PERU NACION,PARTIDO POLÍTICO,804,0.10%,2016
AREQUIPA,PARTIDO HUMANISTA PERUANO,PARTIDO POLÍTICO,760,0.10%,2016
AYACUCHO,FUERZA POPULAR,PARTIDO POLÍTICO,"82,138",32.14%,2016
AYACUCHO,PERUANOS POR EL KAMBIO,PARTIDO POLÍTICO,"15,741",6.16%,2016
AYACUCHO,"EL FRENTE AMPLIO POR JUSTICIA, VIDA Y LIBERTAD",PARTIDO POLÍTICO,"133,899",52.40%,2016
AYACUCHO,ACCION POPULAR,PARTIDO POLÍTICO,"7,306",2.86%,2016
AYACUCHO,ALIANZA POPULAR,ALIANZA ELECTORAL,"5,861",2.29%,2016
AYACUCHO,DEMOCRACIA DIRECTA,PARTIDO POLÍTICO,"3,536",1.38%,2016
AYACUCHO,FRENTE ESPERANZA,PARTIDO POLÍTICO,"2,266",0.89%,2016
AYACUCHO,PERU POSIBLE,PARTIDO POLÍTICO,"1,785",0.70%,2016
AYACUCHO,PROGRESANDO PERU,PARTIDO POLÍTICO,837,0.33%,2016
AYACUCHO,PARTIDO POLITICO ORDEN,PARTIDO POLÍTICO,349,0.14%,2016
AYACUCHO,ALIANZA ELECTORAL SOLIDARIDAD NACIONAL - UPP,ALIANZA ELECTORAL,945,0.37%,2016
AYACUCHO,PERU LIBERTARIO,PARTIDO POLÍTICO,490,0.19%,2016
AYACUCHO,PERU NACION,PARTIDO POLÍTICO,223,0.09%,2016
AYACUCHO,PARTIDO HUMANISTA PERUANO,PARTIDO POLÍTICO,165,0.07%,2016
CAJAMARCA,FUERZA POPULAR,PARTIDO POLÍTICO,"196,086",31.93%,2016
CAJAMARCA,PERUANOS POR EL KAMBIO,PARTIDO POLÍTICO,"52,002",8.47%,2016
CAJAMARCA,"EL FRENTE AMPLIO POR JUSTICIA, VIDA Y LIBERTAD",PARTIDO POLÍTICO,"62,205",10.13%,2016
CAJAMARCA,ACCION POPULAR,PARTIDO POLÍTICO,"26,239",4.27%,2016
CAJAMARCA,ALIANZA POPULAR,ALIANZA ELECTORAL,"15,715",2.56%,2016
CAJAMARCA,DEMOCRACIA DIRECTA,PARTIDO POLÍTICO,"248,667",40.49%,2016
CAJAMARCA,FRENTE ESPERANZA,PARTIDO POLÍTICO,"3,155",0.51%,2016
CAJAMARCA,PERU POSIBLE,PARTIDO POLÍTICO,"5,397",0.88%,2016
CAJAMARCA,PROGRESANDO PERU,PARTIDO POLÍTICO,"1,052",0.17%,2016
CAJAMARCA,PARTIDO POLITICO ORDEN,PARTIDO POLÍTICO,753,0.12%,2016
CAJAMARCA,ALIANZA ELECTORAL SOLIDARIDAD NACIONAL - UPP,ALIANZA ELECTORAL,"1,139",0.19%,2016
CAJAMARCA,PERU LIBERTARIO,PARTIDO POLÍTICO,874,0.14%,2016
CAJAMARCA,PERU NACION,PARTIDO POLÍTICO,443,0.07%,2016
CAJAMARCA,PARTIDO HUMANISTA PERUANO,PARTIDO POLÍTICO,444,0.07%,2016
CUSCO,FUERZA POPULAR,PARTIDO POLÍTICO,"128,818",21.60%,2016
CUSCO,PERUANOS POR EL KAMBIO,PARTIDO POLÍTICO,"57,386",9.62%,2016
CUSCO,"EL FRENTE AMPLIO POR JUSTICIA, VIDA Y LIBERTAD",PARTIDO POLÍTICO,"276,143",46.31%,2016
CUSCO,ACCION POPULAR,PARTIDO POLÍTICO,"62,621",10.50%,2016
CUSCO,ALIANZA POPULAR,ALIANZA ELECTORAL,"15,657",2.63%,2016
CUSCO,DEMOCRACIA DIRECTA,PARTIDO POLÍTICO,"33,414",5.60%,2016
CUSCO,FRENTE ESPERANZA,PARTIDO POLÍTICO,"9,663",1.62%,2016
CUSCO,PERU POSIBLE,PARTIDO POLÍTICO,"4,032",0.68%,2016
CUSCO,PROGRESANDO PERU,PARTIDO POLÍTICO,"3,031",0.51%,2016
CUSCO,PARTIDO POLITICO ORDEN,PARTIDO POLÍTICO,"1,216",0.20%,2016
CUSCO,ALIANZA ELECTORAL SOLIDARIDAD NACIONAL - UPP,ALIANZA ELECTORAL,"1,917",0.32%,2016
CUSCO,PERU LIBERTARIO,PARTIDO POLÍTICO,"1,276",0.21%,2016
CUSCO,PERU NACION,PARTIDO POLÍTICO,587,0.10%,2016
CUSCO,PARTIDO HUMANISTA PERUANO,PARTIDO POLÍTICO,500,0.08%,2016
HUANCAVELICA,FUERZA POPULAR,PARTIDO POLÍTICO,"43,029",28.59%,2016
HUANCAVELICA,PERUANOS POR EL KAMBIO,PARTIDO POLÍTICO,"14,110",9.38%,2016
HUANCAVELICA,"EL FRENTE AMPLIO POR JUSTICIA, VIDA Y LIBERTAD",PARTIDO POLÍTICO,"79,295",52.69%,2016
HUANCAVELICA,ACCION POPULAR,PARTIDO POLÍTICO,"3,872",2.57%,2016
HUANCAVELICA,ALIANZA POPULAR,ALIANZA ELECTORAL,"2,765",1.84%,2016
HUANCAVELICA,DEMOCRACIA DIRECTA,PARTIDO POLÍTICO,"2,497",1.66%,2016
HUANCAVELICA,FRENTE ESPERANZA,PARTIDO POLÍTICO,"1,238",0.82%,2016
HUANCAVELICA,PERU POSIBLE,PARTIDO POLÍTICO,"2,129",1.42%,2016
HUANCAVELICA,PROGRESANDO PERU,PARTIDO POLÍTICO,302,0.20%,2016
HUANCAVELICA,PARTIDO POLITICO ORDEN,PARTIDO POLÍTICO,200,0.13%,2016
HUANCAVELICA,ALIANZA ELECTORAL SOLIDARIDAD NACIONAL - UPP,ALIANZA ELECTORAL,379,0.25%,2016
HUANCAVELICA,PERU LIBERTARIO,PARTIDO POLÍTICO,395,0.26%,2016
HUANCAVELICA,PERU NACION,PARTIDO POLÍTICO,171,0.11%,2016
HUANCAVELICA,PARTIDO HUMANISTA PERUANO,PARTIDO POLÍTICO,121,0.08%,2016
HUANUCO,FUERZA POPULAR,PARTIDO POLÍTICO,"112,414",38.53%,2016
HUANUCO,PERUANOS POR EL KAMBIO,PARTIDO POLÍTICO,"40,000",13.71%,2016
HUANUCO,"EL FRENTE AMPLIO POR JUSTICIA, VIDA Y LIBERTAD",PARTIDO POLÍTICO,"86,717",29.72%,2016
HUANUCO,ACCION POPULAR,PARTIDO POLÍTICO,"17,761",6.09%,2016
HUANUCO,ALIANZA POPULAR,ALIANZA ELECTORAL,"10,852",3.72%,2016
HUANUCO,DEMOCRACIA DIRECTA,PARTIDO POLÍTICO,"2,520",0.86%,2016
HUANUCO,FRENTE ESPERANZA,PARTIDO POLÍTICO,"3,617",1.24%,2016
HUANUCO,PERU POSIBLE,PARTIDO POLÍTICO,"12,456",4.27%,2016
HUANUCO,PROGRESANDO PERU,PARTIDO POLÍTICO,"1,579",0.54%,2016
HUANUCO,PARTIDO POLITICO ORDEN,PARTIDO POLÍTICO,565,0.19%,2016
HUANUCO,ALIANZA ELECTORAL SOLIDARIDAD NACIONAL - UPP,ALIANZA ELECTORAL,"1,284",0.44%,2016
HUANUCO,PERU LIBERTARIO,PARTIDO POLÍTICO,980,0.34%,2016
HUANUCO,PERU NACION,PARTIDO POLÍTICO,600,0.21%,2016
HUANUCO,PARTIDO HUMANISTA PERUANO,PARTIDO POLÍTICO,393,0.14%,2016
ICA,FUERZA POPULAR,PARTIDO POLÍTICO,"194,463",44.51%,2016
ICA,PERUANOS POR EL KAMBIO,PARTIDO POLÍTICO,"69,137",15.82%,2016
ICA,"EL FRENTE AMPLIO POR JUSTICIA, VIDA Y LIBERTAD",PARTIDO POLÍTICO,"76,457",17.50%,2016
ICA,ACCION POPULAR,PARTIDO POLÍTICO,"48,776",11.16%,2016
ICA,ALIANZA POPULAR,ALIANZA ELECTORAL,"31,322",7.17%,2016
ICA,DEMOCRACIA DIRECTA,PARTIDO POLÍTICO,"3,317",0.76%,2016
ICA,FRENTE ESPERANZA,PARTIDO POLÍTICO,"4,499",1.03%,2016
ICA,PERU POSIBLE,PARTIDO POLÍTICO,"4,940",1.13%,2016
ICA,PROGRESANDO PERU,PARTIDO POLÍTICO,"1,160",0.27%,2016
ICA,PARTIDO POLITICO ORDEN,PARTIDO POLÍTICO,613,0.14%,2016
ICA,ALIANZA ELECTORAL SOLIDARIDAD NACIONAL - UPP,ALIANZA ELECTORAL,"1,383",0.32%,2016
ICA,PERU LIBERTARIO,PARTIDO POLÍTICO,355,0.08%,2016
ICA,PERU NACION,PARTIDO POLÍTICO,289,0.07%,2016
ICA,PARTIDO HUMANISTA PERUANO,PARTIDO POLÍTICO,240,0.06%,2016
JUNIN,FUERZA POPULAR,PARTIDO POLÍTICO,"248,217",43.05%,2016
JUNIN,PERUANOS POR EL KAMBIO,PARTIDO POLÍTICO,"121,109",21.00%,2016
JUNIN,"EL FRENTE AMPLIO POR JUSTICIA, VIDA Y LIBERTAD",PARTIDO POLÍTICO,"128,257",22.24%,2016
JUNIN,ACCION POPULAR,PARTIDO POLÍTICO,"27,481",4.77%,2016
JUNIN,ALIANZA POPULAR,ALIANZA ELECTORAL,"18,561",3.22%,2016
JUNIN,DEMOCRACIA DIRECTA,PARTIDO POLÍTICO,"7,255",1.26%,2016
JUNIN,FRENTE ESPERANZA,PARTIDO POLÍTICO,"9,131",1.58%,2016
JUNIN,PERU POSIBLE,PARTIDO POLÍTICO,"7,794",1.35%,2016
JUNIN,PROGRESANDO PERU,PARTIDO POLÍTICO,"2,656",0.46%,2016
JUNIN,PARTIDO POLITICO ORDEN,PARTIDO POLÍTICO,933,0.16%,2016
JUNIN,ALIANZA ELECTORAL SOLIDARIDAD NACIONAL - UPP,ALIANZA ELECTORAL,"1,576",0.27%,2016
JUNIN,PERU LIBERTARIO,PARTIDO POLÍTICO,"2,563",0.44%,2016
JUNIN,PERU NACION,PARTIDO POLÍTICO,673,0.12%,2016
JUNIN,PARTIDO HUMANISTA PERUANO,PARTIDO POLÍTICO,438,0.08%,2016
LA LIBERTAD,FUERZA POPULAR,PARTIDO POLÍTICO,"432,443",49.17%,2016
LA LIBERTAD,PERUANOS POR EL KAMBIO,PARTIDO POLÍTICO,"121,283",13.79%,2016
LA LIBERTAD,"EL FRENTE AMPLIO POR JUSTICIA, VIDA Y LIBERTAD",PARTIDO POLÍTICO,"91,024",10.35%,2016
LA LIBERTAD,ACCION POPULAR,PARTIDO POLÍTICO,"59,338",6.75%,2016
LA LIBERTAD,ALIANZA POPULAR,ALIANZA ELECTORAL,"123,725",14.07%,2016
LA LIBERTAD,DEMOCRACIA DIRECTA,PARTIDO POLÍTICO,"22,633",2.57%,2016
LA LIBERTAD,FRENTE ESPERANZA,PARTIDO POLÍTICO,"9,700",1.10%,2016
LA LIBERTAD,PERU POSIBLE,PARTIDO POLÍTICO,"10,294",1.17%,2016
LA LIBERTAD,PROGRESANDO PERU,PARTIDO POLÍTICO,"2,111",0.24%,2016
LA LIBERTAD,PARTIDO POLITICO ORDEN,PARTIDO POLÍTICO,"2,381",0.27%,2016
LA LIBERTAD,ALIANZA ELECTORAL SOLIDARIDAD NACIONAL - UPP,ALIANZA ELECTORAL,"2,236",0.25%,2016
LA LIBERTAD,PERU LIBERTARIO,PARTIDO POLÍTICO,938,0.11%,2016
LA LIBERTAD,PERU NACION,PARTIDO POLÍTICO,623,0.07%,2016
LA LIBERTAD,PARTIDO HUMANISTA PERUANO,PARTIDO POLÍTICO,740,0.08%,2016
LAMBAYEQUE,FUERZA POPULAR,PARTIDO POLÍTICO,"313,728",50.27%,2016
LAMBAYEQUE,PERUANOS POR EL KAMBIO,PARTIDO POLÍTICO,"98,741",15.82%,2016
LAMBAYEQUE,"EL FRENTE AMPLIO POR JUSTICIA, VIDA Y LIBERTAD",PARTIDO POLÍTICO,"67,615",10.83%,2016
LAMBAYEQUE,ACCION POPULAR,PARTIDO POLÍTICO,"46,138",7.39%,2016
LAMBAYEQUE,ALIANZA POPULAR,ALIANZA ELECTORAL,"60,149",9.64%,2016
LAMBAYEQUE,DEMOCRACIA DIRECTA,PARTIDO POLÍTICO,"16,924",2.71%,2016
LAMBAYEQUE,FRENTE ESPERANZA,PARTIDO POLÍTICO,"6,272",1.01%,2016
LAMBAYEQUE,PERU POSIBLE,PARTIDO POLÍTICO,"5,057",0.81%,2016
LAMBAYEQUE,PROGRESANDO PERU,PARTIDO POLÍTICO,"1,489",0.24%,2016
LAMBAYEQUE,PARTIDO POLITICO ORDEN,PARTIDO POLÍTICO,"4,490",0.72%,2016
LAMBAYEQUE,ALIANZA ELECTORAL SOLIDARIDAD NACIONAL - UPP,ALIANZA ELECTORAL,"1,904",0.31%,2016
LAMBAYEQUE,PERU LIBERTARIO,PARTIDO POLÍTICO,561,0.09%,2016
LAMBAYEQUE,PERU NACION,PARTIDO POLÍTICO,392,0.06%,2016
LAMBAYEQUE,PARTIDO HUMANISTA PERUANO,PARTIDO POLÍTICO,622,0.10%,2016
LIMA,FUERZA POPULAR,PARTIDO POLÍTICO,"2,305,333",40.35%,2016
LIMA,PERUANOS POR EL KAMBIO,PARTIDO POLÍTICO,"1,692,811",29.63%,2016
LIMA,"EL FRENTE AMPLIO POR JUSTICIA, VIDA Y LIBERTAD",PARTIDO POLÍTICO,"683,653",11.97%,2016
LIMA,ACCION POPULAR,PARTIDO POLÍTICO,"406,137",7.11%,2016
LIMA,ALIANZA POPULAR,ALIANZA ELECTORAL,"354,441",6.20%,2016
LIMA,DEMOCRACIA DIRECTA,PARTIDO POLÍTICO,"40,485",0.71%,2016
LIMA,FRENTE ESPERANZA,PARTIDO POLÍTICO,"70,182",1.23%,2016
LIMA,PERU POSIBLE,PARTIDO POLÍTICO,"64,835",1.14%,2016
LIMA,PROGRESANDO PERU,PARTIDO POLÍTICO,"26,435",0.46%,2016
LIMA,PARTIDO POLITICO ORDEN,PARTIDO POLÍTICO,"39,667",0.69%,2016
LIMA,ALIANZA ELECTORAL SOLIDARIDAD NACIONAL - UPP,ALIANZA ELECTORAL,"15,905",0.28%,2016
LIMA,PERU LIBERTARIO,PARTIDO POLÍTICO,"5,462",0.10%,2016
LIMA,PERU NACION,PARTIDO POLÍTICO,"4,469",0.08%,2016
LIMA,PARTIDO HUMANISTA PERUANO,PARTIDO POLÍTICO,"3,838",0.07%,2016
LORETO,FUERZA POPULAR,PARTIDO POLÍTICO,"136,439",40.74%,2016
LORETO,PERUANOS POR EL KAMBIO,PARTIDO POLÍTICO,"81,826",24.43%,2016
LORETO,"EL FRENTE AMPLIO POR JUSTICIA, VIDA Y LIBERTAD",PARTIDO POLÍTICO,"51,859",15.48%,2016
LORETO,ACCION POPULAR,PARTIDO POLÍTICO,"24,239",7.24%,2016
LORETO,ALIANZA POPULAR,ALIANZA ELECTORAL,"19,134",5.71%,2016
LORETO,DEMOCRACIA DIRECTA,PARTIDO POLÍTICO,"3,296",0.98%,2016
LORETO,FRENTE ESPERANZA,PARTIDO POLÍTICO,"3,535",1.06%,2016
LORETO,PERU POSIBLE,PARTIDO POLÍTICO,"7,258",2.17%,2016
LORETO,PROGRESANDO PERU,PARTIDO POLÍTICO,"2,726",0.81%,2016
LORETO,PARTIDO POLITICO ORDEN,PARTIDO POLÍTICO,511,0.15%,2016
LORETO,ALIANZA ELECTORAL SOLIDARIDAD NACIONAL - UPP,ALIANZA ELECTORAL,"1,575",0.47%,2016
LORETO,PERU LIBERTARIO,PARTIDO POLÍTICO,"1,177",0.35%,2016
LORETO,PERU NACION,PARTIDO POLÍTICO,947,0.28%,2016
LORETO,PARTIDO HUMANISTA PERUANO,PARTIDO POLÍTICO,390,0.12%,2016
MADRE DE DIOS,FUERZA POPULAR,PARTIDO POLÍTICO,"26,656",43.87%,2016
MADRE DE DIOS,PERUANOS POR EL KAMBIO,PARTIDO POLÍTICO,"5,623",9.26%,2016
MADRE DE DIOS,"EL FRENTE AMPLIO POR JUSTICIA, VIDA Y LIBERTAD",PARTIDO POLÍTICO,"15,050",24.77%,2016
MADRE DE DIOS,ACCION POPULAR,PARTIDO POLÍTICO,"3,912",6.44%,2016
MADRE DE DIOS,ALIANZA POPULAR,ALIANZA ELECTORAL,"2,943",4.84%,2016
MADRE DE DIOS,DEMOCRACIA DIRECTA,PARTIDO POLÍTICO,"2,524",4.15%,2016
MADRE DE DIOS,FRENTE ESPERANZA,PARTIDO POLÍTICO,850,1.40%,2016
MADRE DE DIOS,PERU POSIBLE,PARTIDO POLÍTICO,"1,532",2.52%,2016
MADRE DE DIOS,PROGRESANDO PERU,PARTIDO POLÍTICO,950,1.56%,2016
MADRE DE DIOS,PARTIDO POLITICO ORDEN,PARTIDO POLÍTICO,79,0.13%,2016
MADRE DE DIOS,ALIANZA ELECTORAL SOLIDARIDAD NACIONAL - UPP,ALIANZA ELECTORAL,215,0.35%,2016
MADRE DE DIOS,PERU LIBERTARIO,PARTIDO POLÍTICO,178,0.29%,2016
MADRE DE DIOS,PERU NACION,PARTIDO POLÍTICO,44,0.07%,2016
MADRE DE DIOS,PARTIDO HUMANISTA PERUANO,PARTIDO POLÍTICO,203,0.33%,2016
MOQUEGUA,FUERZA POPULAR,PARTIDO POLÍTICO,"24,310",24.21%,2016
MOQUEGUA,PERUANOS POR EL KAMBIO,PARTIDO POLÍTICO,"27,853",27.74%,2016
MOQUEGUA,"EL FRENTE AMPLIO POR JUSTICIA, VIDA Y LIBERTAD",PARTIDO POLÍTICO,"31,382",31.26%,2016
MOQUEGUA,ACCION POPULAR,PARTIDO POLÍTICO,"7,386",7.36%,2016
MOQUEGUA,ALIANZA POPULAR,ALIANZA ELECTORAL,"3,659",3.64%,2016
MOQUEGUA,DEMOCRACIA DIRECTA,PARTIDO POLÍTICO,"1,537",1.53%,2016
MOQUEGUA,FRENTE ESPERANZA,PARTIDO POLÍTICO,"1,811",1.80%,2016
MOQUEGUA,PERU POSIBLE,PARTIDO POLÍTICO,"1,061",1.06%,2016
MOQUEGUA,PROGRESANDO PERU,PARTIDO POLÍTICO,416,0.41%,2016
MOQUEGUA,PARTIDO POLITICO ORDEN,PARTIDO POLÍTICO,328,0.33%,2016
MOQUEGUA,ALIANZA ELECTORAL SOLIDARIDAD NACIONAL - UPP,ALIANZA ELECTORAL,330,0.33%,2016
MOQUEGUA,PERU LIBERTARIO,PARTIDO POLÍTICO,166,0.17%,2016
MOQUEGUA,PERU NACION,PARTIDO POLÍTICO,96,0.10%,2016
MOQUEGUA,PARTIDO HUMANISTA PERUANO,PARTIDO POLÍTICO,70,0.07%,2016
PASCO,FUERZA POPULAR,PARTIDO POLÍTICO,"48,083",43.06%,2016
PASCO,PERUANOS POR EL KAMBIO,PARTIDO POLÍTICO,"24,523",21.96%,2016
PASCO,"EL FRENTE AMPLIO POR JUSTICIA, VIDA Y LIBERTAD",PARTIDO POLÍTICO,"22,615",20.25%,2016
PASCO,ACCION POPULAR,PARTIDO POLÍTICO,"5,425",4.86%,2016
PASCO,ALIANZA POPULAR,ALIANZA ELECTORAL,"5,280",4.73%,2016
PASCO,DEMOCRACIA DIRECTA,PARTIDO POLÍTICO,852,0.76%,2016
PASCO,FRENTE ESPERANZA,PARTIDO POLÍTICO,"1,489",1.33%,2016
PASCO,PERU POSIBLE,PARTIDO POLÍTICO,"1,836",1.64%,2016
PASCO,PROGRESANDO PERU,PARTIDO POLÍTICO,406,0.36%,2016
PASCO,PARTIDO POLITICO ORDEN,PARTIDO POLÍTICO,146,0.13%,2016
PASCO,ALIANZA ELECTORAL SOLIDARIDAD NACIONAL - UPP,ALIANZA ELECTORAL,491,0.44%,2016
PASCO,PERU LIBERTARIO,PARTIDO POLÍTICO,240,0.22%,2016
PASCO,PERU NACION,PARTIDO POLÍTICO,154,0.14%,2016
PASCO,PARTIDO HUMANISTA PERUANO,PARTIDO POLÍTICO,118,0.11%,2016
PIURA,FUERZA POPULAR,PARTIDO POLÍTICO,"456,685",54.65%,2016
PIURA,PERUANOS POR EL KAMBIO,PARTIDO POLÍTICO,"104,844",12.55%,2016
PIURA,"EL FRENTE AMPLIO POR JUSTICIA, VIDA Y LIBERTAD",PARTIDO POLÍTICO,"127,952",15.31%,2016
PIURA,ACCION POPULAR,PARTIDO POLÍTICO,"46,595",5.58%,2016
PIURA,ALIANZA POPULAR,ALIANZA ELECTORAL,"49,037",5.87%,2016
PIURA,DEMOCRACIA DIRECTA,PARTIDO POLÍTICO,"25,569",3.06%,2016
PIURA,FRENTE ESPERANZA,PARTIDO POLÍTICO,"7,237",0.87%,2016
PIURA,PERU POSIBLE,PARTIDO POLÍTICO,"8,236",0.99%,2016
PIURA,PROGRESANDO PERU,PARTIDO POLÍTICO,"2,718",0.33%,2016
PIURA,PARTIDO POLITICO ORDEN,PARTIDO POLÍTICO,"1,493",0.18%,2016
PIURA,ALIANZA ELECTORAL SOLIDARIDAD NACIONAL - UPP,ALIANZA ELECTORAL,"2,962",0.35%,2016
PIURA,PERU LIBERTARIO,PARTIDO POLÍTICO,"1,140",0.14%,2016
PIURA,PERU NACION,PARTIDO POLÍTICO,645,0.08%,2016
PIURA,PARTIDO HUMANISTA PERUANO,PARTIDO POLÍTICO,612,0.07%,2016
PUNO,FUERZA POPULAR,PARTIDO POLÍTICO,"135,239",22.81%,2016
PUNO,PERUANOS POR EL KAMBIO,PARTIDO POLÍTICO,"50,532",8.52%,2016
PUNO,"EL FRENTE AMPLIO POR JUSTICIA, VIDA Y LIBERTAD",PARTIDO POLÍTICO,"227,325",38.33%,2016
PUNO,ACCION POPULAR,PARTIDO POLÍTICO,"24,140",4.07%,2016
PUNO,ALIANZA POPULAR,ALIANZA ELECTORAL,"11,072",1.87%,2016
PUNO,DEMOCRACIA DIRECTA,PARTIDO POLÍTICO,"117,669",19.84%,2016
PUNO,FRENTE ESPERANZA,PARTIDO POLÍTICO,"14,722",2.48%,2016
PUNO,PERU POSIBLE,PARTIDO POLÍTICO,"5,520",0.93%,2016
PUNO,PROGRESANDO PERU,PARTIDO POLÍTICO,"2,009",0.34%,2016
PUNO,PARTIDO POLITICO ORDEN,PARTIDO POLÍTICO,"1,202",0.20%,2016
PUNO,ALIANZA ELECTORAL SOLIDARIDAD NACIONAL - UPP,ALIANZA ELECTORAL,"1,359",0.23%,2016
PUNO,PERU LIBERTARIO,PARTIDO POLÍTICO,"1,160",0.20%,2016
PUNO,PERU NACION,PARTIDO POLÍTICO,513,0.09%,2016
PUNO,PARTIDO HUMANISTA PERUANO,PARTIDO POLÍTICO,558,0.09%,2016
SAN MARTIN,FUERZA POPULAR,PARTIDO POLÍTICO,"166,236",48.11%,2016
SAN MARTIN,PERUANOS POR EL KAMBIO,PARTIDO POLÍTICO,"43,550",12.60%,2016
SAN MARTIN,"EL FRENTE AMPLIO POR JUSTICIA, VIDA Y LIBERTAD",PARTIDO POLÍTICO,"72,618",21.02%,2016
SAN MARTIN,ACCION POPULAR,PARTIDO POLÍTICO,"23,300",6.74%,2016
SAN MARTIN,ALIANZA POPULAR,ALIANZA ELECTORAL,"20,188",5.84%,2016
SAN MARTIN,DEMOCRACIA DIRECTA,PARTIDO POLÍTICO,"9,440",2.73%,2016
SAN MARTIN,FRENTE ESPERANZA,PARTIDO POLÍTICO,"3,437",1.00%,2016
SAN MARTIN,PERU POSIBLE,PARTIDO POLÍTICO,"2,737",0.79%,2016
SAN MARTIN,PROGRESANDO PERU,PARTIDO POLÍTICO,"1,063",0.31%,2016
SAN MARTIN,PARTIDO POLITICO ORDEN,PARTIDO POLÍTICO,419,0.12%,2016
SAN MARTIN,ALIANZA ELECTORAL SOLIDARIDAD NACIONAL - UPP,ALIANZA ELECTORAL,"1,186",0.34%,2016
SAN MARTIN,PERU LIBERTARIO,PARTIDO POLÍTICO,728,0.21%,2016
SAN MARTIN,PERU NACION,PARTIDO POLÍTICO,407,0.12%,2016
SAN MARTIN,PARTIDO HUMANISTA PERUANO,PARTIDO POLÍTICO,213,0.06%,2016
TACNA,FUERZA POPULAR,PARTIDO POLÍTICO,"40,071",20.91%,2016
TACNA,PERUANOS POR EL KAMBIO,PARTIDO POLÍTICO,"29,859",15.58%,2016
TACNA,"EL FRENTE AMPLIO POR JUSTICIA, VIDA Y LIBERTAD",PARTIDO POLÍTICO,"78,500",40.97%,2016
TACNA,ACCION POPULAR,PARTIDO POLÍTICO,"18,455",9.63%,2016
TACNA,ALIANZA POPULAR,ALIANZA ELECTORAL,"5,929",3.09%,2016
TACNA,DEMOCRACIA DIRECTA,PARTIDO POLÍTICO,"9,307",4.86%,2016
TACNA,FRENTE ESPERANZA,PARTIDO POLÍTICO,"4,807",2.51%,2016
TACNA,PERU POSIBLE,PARTIDO POLÍTICO,"1,339",0.70%,2016
TACNA,PROGRESANDO PERU,PARTIDO POLÍTICO,"1,740",0.91%,2016
TACNA,PARTIDO POLITICO ORDEN,PARTIDO POLÍTICO,436,0.23%,2016
TACNA,ALIANZA ELECTORAL SOLIDARIDAD NACIONAL - UPP,ALIANZA ELECTORAL,495,0.26%,2016
TACNA,PERU LIBERTARIO,PARTIDO POLÍTICO,357,0.19%,2016
TACNA,PERU NACION,PARTIDO POLÍTICO,175,0.09%,2016
TACNA,PARTIDO HUMANISTA PERUANO,PARTIDO POLÍTICO,138,0.07%,2016
TUMBES,FUERZA POPULAR,PARTIDO POLÍTICO,"70,029",64.25%,2016
TUMBES,PERUANOS POR EL KAMBIO,PARTIDO POLÍTICO,"13,189",12.10%,2016
TUMBES,"EL FRENTE AMPLIO POR JUSTICIA, VIDA Y LIBERTAD",PARTIDO POLÍTICO,"11,825",10.85%,2016
TUMBES,ACCION POPULAR,PARTIDO POLÍTICO,"4,933",4.53%,2016
TUMBES,ALIANZA POPULAR,ALIANZA ELECTORAL,"4,973",4.56%,2016
TUMBES,DEMOCRACIA DIRECTA,PARTIDO POLÍTICO,635,0.58%,2016
TUMBES,FRENTE ESPERANZA,PARTIDO POLÍTICO,"1,103",1.01%,2016
TUMBES,PERU POSIBLE,PARTIDO POLÍTICO,"1,515",1.39%,2016
TUMBES,PROGRESANDO PERU,PARTIDO POLÍTICO,217,0.20%,2016
TUMBES,PARTIDO POLITICO ORDEN,PARTIDO POLÍTICO,120,0.11%,2016
TUMBES,ALIANZA ELECTORAL SOLIDARIDAD NACIONAL - UPP,ALIANZA ELECTORAL,232,0.21%,2016
TUMBES,PERU LIBERTARIO,PARTIDO POLÍTICO,103,0.10%,2016
TUMBES,PERU NACION,PARTIDO POLÍTICO,77,0.07%,2016
TUMBES,PARTIDO HUMANISTA PERUANO,PARTIDO POLÍTICO,42,0.04%,2016
CALLAO,FUERZA POPULAR,PARTIDO POLÍTICO,"222,171",40.22%,2016
CALLAO,PERUANOS POR EL KAMBIO,PARTIDO POLÍTICO,"153,850",27.85%,2016
CALLAO,"EL FRENTE AMPLIO POR JUSTICIA, VIDA Y LIBERTAD",PARTIDO POLÍTICO,"61,765",11.18%,2016
CALLAO,ACCION POPULAR,PARTIDO POLÍTICO,"39,187",7.09%,2016
CALLAO,ALIANZA POPULAR,ALIANZA ELECTORAL,"45,823",8.29%,2016
CALLAO,DEMOCRACIA DIRECTA,PARTIDO POLÍTICO,"4,289",0.78%,2016
CALLAO,FRENTE ESPERANZA,PARTIDO POLÍTICO,"7,538",1.36%,2016
CALLAO,PERU POSIBLE,PARTIDO POLÍTICO,"6,823",1.24%,2016
CALLAO,PROGRESANDO PERU,PARTIDO POLÍTICO,"3,381",0.61%,2016
CALLAO,PARTIDO POLITICO ORDEN,PARTIDO POLÍTICO,"4,241",0.77%,2016
CALLAO,ALIANZA ELECTORAL SOLIDARIDAD NACIONAL - UPP,ALIANZA ELECTORAL,"1,796",0.33%,2016
CALLAO,PERU LIBERTARIO,PARTIDO POLÍTICO,656,0.12%,2016
CALLAO,PERU NACION,PARTIDO POLÍTICO,480,0.09%,2016
CALLAO,PARTIDO HUMANISTA PERUANO,PARTIDO POLÍTICO,455,0.08%,2016
UCAYALI,FUERZA POPULAR,PARTIDO POLÍTICO,"105,050",52.22%,2016
UCAYALI,PERUANOS POR EL KAMBIO,PARTIDO POLÍTICO,"29,155",14.49%,2016
UCAYALI,"EL FRENTE AMPLIO POR JUSTICIA, VIDA Y LIBERTAD",PARTIDO POLÍTICO,"33,668",16.74%,2016
UCAYALI,ACCION POPULAR,PARTIDO POLÍTICO,"8,814",4.38%,2016
UCAYALI,ALIANZA POPULAR,ALIANZA ELECTORAL,"7,684",3.82%,2016
UCAYALI,DEMOCRACIA DIRECTA,PARTIDO POLÍTICO,"1,969",0.98%,2016
UCAYALI,FRENTE ESPERANZA,PARTIDO POLÍTICO,"2,537",1.26%,2016
UCAYALI,PERU POSIBLE,PARTIDO POLÍTICO,"2,848",1.42%,2016
UCAYALI,PROGRESANDO PERU,PARTIDO POLÍTICO,"7,198",3.58%,2016
UCAYALI,PARTIDO POLITICO ORDEN,PARTIDO POLÍTICO,364,0.18%,2016
UCAYALI,ALIANZA ELECTORAL SOLIDARIDAD NACIONAL - UPP,ALIANZA ELECTORAL,754,0.38%,2016
UCAYALI,PERU LIBERTARIO,PARTIDO POLÍTICO,551,0.27%,2016
UCAYALI,PERU NACION,PARTIDO POLÍTICO,299,0.15%,2016
UCAYALI,PARTIDO HUMANISTA PERUANO,PARTIDO POLÍTICO,285,0.14%,2016
EXTRANJERO,FUERZA POPULAR,PARTIDO POLÍTICO,"113,351",42.19%,2016
EXTRANJERO,PERUANOS POR EL KAMBIO,PARTIDO POLÍTICO,"65,004",24.19%,2016
EXTRANJERO,"EL FRENTE AMPLIO POR JUSTICIA, VIDA Y LIBERTAD",PARTIDO POLÍTICO,"33,703",12.54%,2016
EXTRANJERO,ACCION POPULAR,PARTIDO POLÍTICO,"26,777",9.97%,2016
EXTRANJERO,ALIANZA POPULAR,ALIANZA ELECTORAL,"13,061",4.86%,2016
EXTRANJERO,DEMOCRACIA DIRECTA,PARTIDO POLÍTICO,"1,574",0.59%,2016
EXTRANJERO,FRENTE ESPERANZA,PARTIDO POLÍTICO,"6,752",2.51%,2016
EXTRANJERO,PERU POSIBLE,PARTIDO POLÍTICO,"2,160",0.80%,2016
EXTRANJERO,PROGRESANDO PERU,PARTIDO POLÍTICO,"1,130",0.42%,2016
EXTRANJERO,PARTIDO POLITICO ORDEN,PARTIDO POLÍTICO,832,0.31%,2016
EXTRANJERO,ALIANZA ELECTORAL SOLIDARIDAD NACIONAL - UPP,ALIANZA ELECTORAL,"2,250",0.84%,2016
EXTRANJERO,PERU LIBERTARIO,PARTIDO POLÍTICO,"1,252",0.47%,2016
EXTRANJERO,PERU NACION,PARTIDO POLÍTICO,374,0.14%,2016
EXTRANJERO,PARTIDO HUMANISTA PERUANO,PARTIDO POLÍTICO,462,0.17%,2016